Start Time,End Time,English,Infinite -open subtitle.srt
00:53,00:55,"There are among us a people,",،افرادي در ميان ما هستن
00:56,01:00,gifted with a perfect memory of all their past lives.,که در يادآوري کامل زندگي‏هاي گذشته‏شون .موهبتي دارن
01:00,01:03,They call themselves Infinites.,.به خودشون ميگن بي‏نهايت‏ها
01:06,01:09,"Among the Infinites, two groups have vied for power.",،در ميان بي‏نهايت‏ها :دو گروه براي قدرت رقابت مي‏کنن
01:09,01:12,"On one side the Believers,","،""در يک سو ""باورمندان"
01:12,01:13,dedicated to using their knowledge,که خود رو وقفِ بهره‏گيري از دانش‏شون .براي پاسداري و رشد همه‏ي بشريت کردن
01:14,01:17,for the protection and growth of all humanity.,که خود رو وقفِ بهره‏گيري از دانش‏شون .براي پاسداري و رشد همه‏ي بشريت کردن
01:17,01:19,"Against them stand the Nihilists,",،در مقابل اونا، پوچ‏گراها هستن
01:19,01:22,who see this power as a curse.,.که به اين قدرت به چشم نفرين نگاه مي‏کنن
01:23,01:25,New technologies have given the Nihilists,...فناوري‏هاي جديد به پوچ‏گراها فرصتي داده
01:25,01:28,an opportunity to end all life on earth.,تا به زندگي در روي زمين... .پايان دهند
01:29,01:32,And the race is on for its control.,،و به منظور کنترل آن .اين رقابت ادامه داره
02:05,02:06,"Treadway, tell me you got it.",.تريدوي، بگو که به دستش آوردي
02:06,02:10,"Yeah. Yeah, I got it. I got it.",.آره. آره، گيرش آوردم .گيرش آوردم
02:20,02:23,Might be delayed a little. I'm headed to meet you now.,.شايد يه کم دير کنم .الان دارم ميام ببينمت
02:23,02:24,Copy that.,.مفهومه
02:45,02:47,"Treadway, you okay?",تريدوي، حالت خوبه؟
02:47,02:49,We can't let them get the Egg back.,".نمي‏تونيم بذاريم ""تخم"" رو پس بگيرن"
02:51,02:53,I can't believe Bathurst would go this far.,باورم نمي‏شه باتورست تا .اين اندازه پيش بره
02:53,02:55,He's not the man we remember.,.اون ديگه مردي نيست که ما به ياد داريم
02:56,02:57,Shit.,.گندش بزنن
03:12,03:13,Shit.,.ريدم توش
03:37,03:40,Abel. I'm gonna take a shortcut. Meet me at the freeway.,.ايبل. مي‏خوام ميان‏بُر بزنم .توي آزادراه بيا منو ببين‏
05:18,05:20,They got it blocked off.,.آزادراه رو بستن
05:20,05:23,"- Get to the base of the crane. - Treadway, listen.",.به پايينِ جرثقيل بيا - .تريدوي، گوش کن -
05:23,05:25,Do not go up that bridge.,.روي اون پُل نرو
05:33,05:36,Treadway? Treadway?,تريدوي؟ تريدوي؟
05:39,05:41,"Abel, listen to me.",.ايبل، به من گوش کن
05:41,05:44,"If I fail, look inside.",.اگه موفق نشدم، داخل رو نگاه کنيد
05:44,05:46,"I don't know what miracle you think you're gonna pull off,",نمي‏دونم به خيال خودت مي‏خواي ،چه معجزه‏اي انجام بدي
05:46,05:49,but there's a 150-foot gap in front of you.,.ولي يه شکاف 46 متري جلوته
05:49,05:51,What is his plan?,نقشه‏ش چيه؟
06:50,06:52,Leona. Please.,.لئونا. خواهش مي‏کنم
06:53,06:57,"Leona, wake up. Wake up.",.لئونا، بيدار شو .بيدار شو
07:26,07:29,I'll find you in the Beginning.,".در ""آغاز"" پيدات مي‏کنم"
07:29,07:31,I love you.,.دوستت دارم
07:50,07:55,Did you ever have a dream so real it felt like a memory?,تاحالا رويايي اون‏قدر واقعي ديده‏ايد که حسش مثل حس يه خاطره باشه؟
07:57,08:00,You ever catch yourself in the mirror and it's a surprise?,تاحالا خودتون رو توي آينه ديديد و تعجب کنيد؟
08:01,08:04,Like you expected to see someone else's face,انگار که انتظار داشتيد چهره‏ي ...کس ديگه‏اي رو ببينيد
08:04,08:06,staring back at you.,.که بهتون خيره شده باشه...
08:09,08:13,"All these people all going somewhere, all doing something.",،همه‏ي اين افراد به جاهايي ميرن ،کارهايي انجام ميدن
08:13,08:16,But what does it all add up to?,اما همه‏ي اينها حاکي از چيه؟
08:16,08:20,"Maybe if I knew the answer, all the little things might click together.",شايد اگه پاسخش رو مي‏دونستم، همه‏ي اين .مسائل کوچيک باهم جفت و جور مي‏شدن
08:20,08:22,They might make sense.,.شايد منطقي مي‏شدن «شهر نيويورک - زندگي فعلي»
08:22,08:25,- Hey. Hi. - Evan. Right on time.,.سلام. سلام - .ايوان. درست به موقع اومدي -
08:25,08:27,Nice to see you. How are ya?,.از ديدنت خوشحالم حال و احوالت؟
08:27,08:29,"- Any trouble getting here? - No. No, not at all.",واسه اومدن به اينجا که مشکلي نداشتي؟ - .نه. نه، به هيچ وجه -
08:29,08:30,Okay.,.خيلي خب
08:30,08:32,Third interview this week.,.مصاحبه سوم اين هفته
08:33,08:34,"- Here he is. - Hey, gentlemen.",.ايناهاش - .سلام، آقايون -
08:34,08:36,Hey. How are you?,سلام. حال شما؟
08:36,08:38,"- Pleasure to meet you. - Evan, great to meet you.",.از آشنايي‏تون خوش‏بختم - .ايوان، از ديدنت خيلي خوشحالم -
08:38,08:41,Thank you so much for your time. I really appreciate it.,.از وقتي که گذاشتي خيلي سپاس‏گزارم .واقعاً تشکر مي‏کنم
08:41,08:43,- Wow. Beautiful place you have here. - Thank you.,.واو. اينجا رستوران قشنگي داري - .ممنونم -
08:43,08:46,- Absolutely gorgeous. - I just got a couple questions if you don't mind.,.خيلي خوشگله - .اگه اشکالي نداره، 2-3 تا سوال دارم -
08:46,08:48,"Yeah, of course.",.بله، البته
08:48,08:53,There are a couple of question marks in your past.,.توي گذشته‏ت چند تا علامت سوال هست
08:53,08:55,I recognize that.,.متوجهم
08:55,08:58,You're the first face people see,وقتي مردم به رستورانم ميان .تو اولين چهره‏اي هستي که اونا مي‏بينن
08:58,09:01,when they walk into my restaurant.,وقتي مردم به رستورانم ميان .تو اولين چهره‏اي هستي که اونا مي‏بينن
09:01,09:02,And they'd be greeted with a smile.,.و با لبخند ازشون استقبال مي‏شه
09:03,09:05,I have had some issues in the past.,.توي گذشته يه سري مشکلات داشتم
09:05,09:08,"I did a full background check on you, Mr. McCauley.",،پيشينه‏تون رو کامل بررسي کردم .آقاي مک‏کالِي
09:08,09:11,I spoke to some of your past employers.,.با چند تا از کارفرماهاي قبلي‏تون حرف زدم
09:11,09:15,And you know what? They all said the same thing.,و مي‏دوني چيه؟ .حرفِ همه‏شون يکي بود
09:15,09:18,I'm interested to hear what they had to say.,.علاقه‏مندم که بشنوم حرف‏شون چي بوده
09:18,09:19,They say you're great!,.علاقه‏مندم که بشنوم حرف‏شون چي بوده
09:19,09:22,They say you're smart. He's a smart guy.,.ميگن باهوشي .آدم باهوشيه
09:22,09:24,"Smart guy right here, huh?",.ميگن باهوشي .آدم باهوشيه
09:24,09:28,That's all good. I guess I've got the job then. When do I start?,خيلي خوبه. پس گمونم اين شغل رو به دست آوردم. کِي کارم رو شروع کنم؟
09:28,09:31,Tell me about the customer you attacked.,.از مشتري‏اي که بهش حمله کردي بگو
09:31,09:33,He assaulted a waitress.,.از مشتري‏اي که بهش حمله کردي بگو
09:33,09:35,So you broke his arm.,.به يه پيشخدمت دست‏درازي کرد
09:35,09:37,I did. It was unintentional.,.براي همين دستش رو شکستي
09:37,09:40,"Excuse me, but he grabbed her ass.",.بله .عمدي نبود
09:40,09:42,I asked him to leave politely.,،با عرض معذرت .ولي باسنِ دختره رو گرفت
09:42,09:46,He put his hands on me. No charges were ever filed. Everything was dismissed.,.مودبانه ازش خواستم بره
09:46,09:52,So you just walked out of a shift at Locanda and you... you never came back?,پس همين‏طوري کارِت رو در لوکاندا ول کردي و ديگه هيچ‏وقت برنگشتي؟
09:52,09:54,I had a personal issue. That was six years ago.,پس همين‏طوري کارِت رو در لوکاندا ول کردي و ديگه هيچ‏وقت برنگشتي؟
09:55,09:59,"Yeah, your manager told me that you were institutionalized.",.يه مشکل شخصي داشتم .اين حرف 6 سال پيشه
09:59,10:00,For two weeks.,.آره، مديرت بهم گفت که بستري شده بودي
10:00,10:04,"Two weeks. Melanie, it's just two weeks. Just two weeks.",.به مدت دو هفته
10:04,10:08,Look. My struggles with mental illness are a part of my past.,.دو هفته. مِلاني، فقط دو هفته .فقط دو هفته
10:08,10:11,I haven't had so much as an eye twitch since.,ببينيد. مبارزه‏ي من با بيماري رواني .بخشي از گذشته‏مه
10:11,10:14,"I think, if anything, getting through what I've been through only makes me stronger.",از اون موقع حتي يه .تيک عصبي چشم نداشته‏ام
10:14,10:20,And I am 100% confident in my ability to manage here.,و به تواناييم براي اداره‏ي اينجا .کاملاً اطمينان دارم
10:20,10:21,"Thanks for coming in today, Evan.",و به تواناييم براي اداره‏ي اينجا .کاملاً اطمينان دارم
10:21,10:24,"Please. Look, I know what it looks like.",خواهش مي‏کنم. ببين، مي‏دونم اين وضع ،چه جوري به نظر مياد
10:24,10:27,But my illness isn't an issue you have to worry about.,.اما بيماريم مسئله‏اي نيست که نگرانش باشيد
10:27,10:30,"- I promise you... - Hey, we'll be in touch, okay?",...قول مي‏دم - هي، زنگ مي‏زنيم، باشه؟ -
10:34,10:37,"No, you won't.",.نه، نمي‏زنيد
10:37,10:38,Excuse me?,ببخشيد؟
10:38,10:41,I know the brush-off when I hear it.,.وقتي حرف بي‏اعتنايي مي‏شنوم، متوجه مي‏شم
10:41,10:46,"Mr. McCauley, you are clearly awesome at dealing with conflict.",آقاي مک‏کالِي، بديهيه که در .برخورد با درگيري حرف نداري
10:46,10:48,You have no idea.,.روحت هم خبر نداره
10:48,10:50,Thanks for coming in.,.ممنون که تشريف آوردي
10:50,10:53,But you're right. I don't think I will need to be calling you.,.اما حق با شماست .فکر نمي‏کنم لازم بشه بهتون زنگ بزنم
10:54,10:56,You think you know my story,فکر مي‏کني چون يه سابقه رو بررسي کردي ...و 2-3 تا تماس تلفني گرفتي
10:56,10:57,because you ran a background check,فکر مي‏کني چون يه سابقه رو بررسي کردي ...و 2-3 تا تماس تلفني گرفتي
10:57,10:59,and made a couple of phone calls?,پس سرگذشتِ منو مي‏دوني؟...
10:59,11:03,I knew yours when I shook your well-moisturized hand.,وقتي دست خوب مرطوب‏شده‏ي شما رو .فشردم، سرگذشتِ شما رو فهميدم
11:03,11:05,Thank you for your time.,.از وقتي که گذاشتي ممنونم
11:06,11:08,I get it. I do.,.متوجهم. مي‏دونم
11:08,11:11,"Who's going to hire a diagnosed schizophrenic with a history of violence,",آخه کي مياد يه بيمار اسکيزوفرني‏اي ،که سابقه‏ي خشونت داره، استخدام کنه
11:11,11:15,when there's a dozen candidates out there with sparkling clean records?,اون هم وقتي که کلي داوطلب هست که سابقه‏ي درخشان و پاکي دارن؟
11:15,11:19,"But what's really on my mind is if I can't get a job, I can't pay rent this month.",اما چيزي که واقعاً ذهنم رو درگير کرده ،اينه که اگه شغلي گير نيارم
11:21,11:24,"I mean, dry-cleaning this suit wasn't exactly free.",ميگم، خشک‏شويي بردن همين کت‏وشلوار .هم رايگان نبوده
11:27,11:30,"And more than that, I've gotta get something together real quick,",،و از اين گذشته ،بايد خيلي سريع يه پولي جور کنم
11:30,11:33,"because these meds, they're running out.",.چون اين داروها دارن ته مي‏کشن
11:33,11:35,"And once they do, shit gets real.",،و وقتي هم ته بکشن .اوضاع خيلي خيط مي‏شه
11:56,11:59,Are there things you just know how to do?,کارهايي هست که همين‏طوري بلد باشي انجام‏شون بدي؟
12:01,12:03,"Like, no one's ever showed you.",.مثل کاري که هيچ‏کس بهت ياد نداده باشه
12:03,12:07,Somehow each step in the process makes sense.,به گونه‏اي که هر گام در حينِ اين کار .منطقي باشه
12:24,12:25,Like you're remembering it.,.انگار که يادته
12:27,12:28,Not learning it.,.نه اين‏که يادش گرفته باشي
12:45,12:48,"For reals, you really made that shit yourself, man?",اين تن بميره واقعاً خودت اون ماس‏ماسک رو ساختي، پسر؟
12:48,12:50,- Yep. - Damn.,.آره - .دهنت -
12:50,12:53,"Hey, yo, Ronny. Yo, Ronny.",.هي، روني .هي، روني
12:53,12:55,"- Evan, man. - Hey.",.ايوان، پسر - .سلام -
12:57,12:58,As requested.,.همون‏طور که خواسته بودي
12:58,13:01,Kimotsuki-styled iron. Handcrafted.,.شمشير به سبک کيموتسوکي .دست‏ساز
13:01,13:02,One of a kind.,.منحصر به‏فرده
13:03,13:05,"Oh, hell, yeah.",.اي جانمي
13:08,13:11,"Hattori Hanzo, yo? Ooh!",هاتوري هانزو، ها؟ (پُرآوازه‏ترين نينجاي ژاپن =)
13:11,13:12,Damn.,.دهنت سرويس - .قشنگه -
13:12,13:13,- Goddamn. - Nice.,.دهنت سرويس - .قشنگه -
13:13,13:15,Get off me.,.ولم کن
13:15,13:17,"Now, let's get this man paid.",.بيا پول اين مرد رو بده
13:18,13:19,You get high off this shit?,با اين نئشه مي‏کني؟
13:19,13:22,No. Clozapine. It's an antipsychotic.,.نه. کلوزاپين .يه داروي ضدروان‌پريشيه
13:22,13:24,You get paid in pills?,با قرص دستمزدت رو مي‏گيري؟
13:24,13:26,"Evan here's on ""Ronny-care.""",.ايوان تحت حمايتِ رونيه
13:26,13:28,Yeah. Dr. Ronny.,.آره. دکتر روني
13:28,13:31,"Why don't you, like, get them at Duane Reade?","چرا از داروخانه‏ي ""دوين ريد"" نمي‏گيري؟"
13:31,13:33,Because Evan don't wanna talk to shrinks every two weeks. Right?,چون ايوان دوست نداره هر دو هفته يه بار با روان‏پزشک حرف بزنه. درسته؟
13:33,13:36,Yeah. Evan can't afford 400 bucks a month on a scrip.,آره. ايوان نمي‏تونه هر ماه .بابت يه نسخه 400 دلار بده
13:36,13:38,Yo. Wikipedia.,.هي. آقاي ويکي‏پديا
13:38,13:42,"- What's the capital of ""Brakina Fatso""? - Yeah.",پايتختِ براکينا فاتسو چيه؟ - .آره -
13:42,13:46,"It's pronounced ""Burkina Faso."" Ouagadougou. Could I have my pills, please?",.تلفظش بورکينا فاسوئه. واگادوگو الان مي‏شه لطفاً قرص‏هام رو بدي؟
13:48,13:50,"Shit, man. Forgot my count, man.",.ريدم توش، پسر .يادم رفت چند تا شمردم، مرد
13:50,13:52,You made that up.,.از خودت در آوردي
13:54,13:56,"Damn, man!",!لعنت، پسر
13:57,13:59,Nah.,.نه
13:59,14:03,Homeboy knows everything. He a freak.,.رفيق‏مون همه چي مي‏دونه .آدم عجيب‏وغريبيه
14:03,14:05,How do you know so much?,از کجا اين همه اطلاعات مي‏دوني؟
14:05,14:08,"Honestly, I wish I knew. Makes me nuts.",.راستش رو بگم، کاش مي‏دونستم .اين منو ديوونه مي‏کنه
14:08,14:10,"Could I have my pills, please.",مي‏شه لطفاً قرص‏هام رو بدي؟
14:14,14:18,"Dang, girl. You eyeballin' my boy like he a steak dinner.",دختره‏ي چشم سفيد. يه جوري رفيقم رو .ورانداز مي‏کني که انگار استيکِ شامه
14:19,14:23,"Yo, yo. What's gunpowder made of?",.هي، هي باروت از چي درست شده؟
14:23,14:27,"74% potassium nitrate, 13% charcoal.",،‏‏13% نيترات پُتاسيُم .‏‏74% زغال
14:27,14:30,"- Okay. - Damn. Impressive, man.",.باشه - .دهنت. دمت گرم، مرد -
14:33,14:35,I said eyes on me.,.گفتم چشمت به من باشه
14:36,14:37,"Come on, Ronny.",.بي‏خيال، روني
14:37,14:40,"There you go, man. Sixty packages.",.بفرما، پسر .‏‏بسته‏ي 60 تايي
14:41,14:42,That's only 55.,.اين‏که 55 تاست
14:43,14:44,For real?,واقعاً؟
14:45,14:46,Close enough.,.به 60 تا نزديکه
14:46,14:49,The hell it is. I live on those.,.معلومه .من با اينا زندگي مي‏کنم
14:50,14:52,Sixty. Hey.,.‏‏60 تا .هي
14:52,14:53,Hey.,.هي
14:53,14:55,"You want the real thing, right? That is it.",شمشير واقعي مي‏خواستي، درسته؟ .اين واقعيه
14:55,14:59,That's folded over 70 times. Carbon-treated steel.,.بيش از 70 بار چکش خورده .پولاد کربن-ديده‏ست
14:59,15:00,Take your damn hands off me.,.دست‏هاي لعنتيت رو بکش
15:00,15:03,You better tell your boy to learn how to count.,.بهتره به رفيقت بگي شمردن رو ياد بگيره
15:03,15:05,The deal is for 60 bags.,.معامله سر 60 تا بود
15:05,15:08,"Yeah? Well, that's all we got.",جدي؟ .خب، فقط همين در بساط داريم
15:08,15:11,"You don't like it, you can go back to Bellevue.",.دوست نداري، مي‏توني به بِلويو برگردي
15:13,15:15,Get the gat on homeboy.,.تفنگ رو به سمت اين رفيق‏مون بگير
15:15,15:18,I wanna test this shit out.,.مي‏خوام اين ماس‏ماسک رو امتحان کنم
15:22,15:25,"Yo, what's gunpowder made of?",هي، باروت از چي ساخته شده؟
15:25,15:26,Hold out your arm.,.دستِت رو دراز کن
15:26,15:28,Showtime.,.وقتِ نمايشه
15:30,15:32,Hold out your arm.,.دستِت رو دراز کن
15:35,15:36,Get up.,.بلند شو
15:36,15:40,"Put your arm there, huh? It's the neck or arm, baby.",دستِت رو اونجا بذار، ها؟ .يا گردن يا دستِت، عزيزم
15:40,15:42,You choose.,.انتخاب کن
15:43,15:45,"Hey, Ronny. That's not a toy, bro.",.هي، روني .اين‏که اسباب بازي نيست، داداش
15:45,15:46,"Mind your business, Evan.",.سرت به کار خودت باشه، ايوان
15:46,15:48,"Come on, Ronny. This ain't funny.",.بي‏خيال، روني .کارِت خنده‏دار نيست
15:56,15:59,"Oh, God! My fingers!",!يا خدا !انگشت‏هام
16:01,16:03,"I think it works, huh, Ronny?",به نظرم کار کنه، ها، روني؟
16:03,16:05,"Cut my goddamn fingers off, man!",!انگشت‏هاي لعنتيم رو زد، مرد
16:05,16:08,"You'll be all right. Hey, sweetheart, why don't you head on home now.",،چيزيت نمي‏شه. هي، عزيزدلم حالا چرا نمي‏ري خونه؟
16:08,16:10,"You're trippin', bro.",.داري حماقت مي‏کني، داش
16:10,16:13,"You are done, homey. You're a dead fool.",.کارِت تمومه، رفيق .يه احمق مُرده‏اي
16:13,16:15,"I don't know, Ronny. You're talking to a guy",.نمي‏دونم، روني ...داري با آدمي حرف مي‏زني
16:15,16:17,who buys antipsychotic medication from you.,.که داروي ضدروان‏پريشي ازت مي‏خره...
16:17,16:20,I'm feeling a little unbalanced right now.,.الان حالم يه کم ميزون نيست
16:20,16:24,Maybe the best way to get the voices in my head to stop talking,شايد براي اين‏که صداهاي توي سرم رو ...قطع کنم، بهترين راه اينه که
16:24,16:25,is to cut yours off.,.گردنت رو بزنم...
16:25,16:27,Do you think it would help?,فکر مي‏کني کمکي بکنه؟
16:28,16:31,No. Don't fight. Don't shoot. It's cool.,.نه. دعوا نکنيد .شليک نکنيد. مشکلي نيست
16:31,16:33,"We're cool, man. We're cool. All right?",.مشکلي نداريم، مرد مشکلي نداريم. درسته؟
16:33,16:37,"Hey, dickhead. Grab my pills. Now.",.هي، کله‏کيري .قرص‏هام رو بردار. حالا
16:37,16:38,There you go.,.بفرما
16:38,16:40,"You're crazy, man.",.تو ديوونه‏اي، مرد
16:40,16:43,"If I was crazy, I'd have chopped you up in little pieces a long time ago.",اگه ديوونه بودم، خيلي وقت پيش .قيمه قيمه‏ت مي‏کردم
16:43,16:45,Give me my pills.,.قرص‏هام رو بده
16:46,16:48,"Now, you listen to me, Ronny. I'm not crazy, okay?",.حالا، گوشِ‏ت به من باشه، روني من ديوونه نيستم، خب؟
16:48,16:52,- Mm-hmm. - I'm just misunderstood. All right?,.اوهوم - فقط درست درکم نکردن .خب؟ -
17:45,17:47,- Help! - Leona!,!کمک !لئونا
17:51,17:53,Oh!,!اوه
18:21,18:26,NYPD picked up an Evan McCauley. Drug deal gone south.,پليس نيويورک ايوان مک‏کالي رو دستگير .کرده. معامله‏ي مواد مخدر به هم خورد
18:27,18:29,Cops found a sword on him.,.پليس‏ها يه شمشير باهاش پيدا کردن
18:30,18:32,Blade was made with a process,...شمشير با روشي ساخته شده
18:32,18:36,"hasn't been used since, uh, Edo Japan.",که از زمان دوره‏ي اِدو در ژاپن... .استفاده نشده
18:36,18:38,So?,خب؟
18:38,18:40,He claims he forged it himself.,.ادعا مي‏کنه که خودش اون رو ساخته
18:40,18:43,Another broker-turned-hipster blacksmith.,.يه آهنگر دلال ديگه که نوگرا شده
18:43,18:46,"Oh, ye of little faith. Are you seeing this, Nora?",.ايمان کمي داري اينو مي‏بيني، نورا؟
18:47,18:50,- Treadway? - Precisely.,تريدوي؟ - .دقيقاً -
18:50,18:53,"If we know, Bathurst knows.",.اگه ما بدونيم، باتورست هم مي‏دونه
18:53,18:56,Be careful.,.مراقب باش
18:56,18:57,"Thanks, Mom.",.ممنون، مامان
19:19,19:21,"Tell us when you're done, sir.",.کارِتون که تموم شد بگيد، آقا
19:21,19:23,Can I get my phone call?,مي‏شه زنگم رو بزنم؟
19:24,19:27,Supposed to get a phone call.,.قرار بود زنگ بزنم
19:40,19:44,"You're dressed way too nice to be an NYPD detective, so...",واسه کارآگاه پليس بودن ...زيادي خوش‏لباسي، پس
19:45,19:46,must be a doctor.,.بايد پزشک باشي
19:48,19:50,Not a thing?,متوجه‏ي چيزي نشدي؟
19:51,19:53,No recognition at all?,اصلاً به جا نمياري؟
19:56,19:58,I think I should feel hurt.,.به نظرم بايد ناراحت بشم
20:00,20:04,Do you remember... Syracuse?,سيراکيوز رو به ياد داري؟
20:04,20:06,Syracuse.,.سيراکيوز
20:06,20:07,The siege.,.محاصره
20:08,20:10,Second Punic War.,.دومين جنگ پوني (جنگي ميان کارتاژ و روم =)
20:12,20:13,Where we first met.,.اونجا اولين بار باهم آشنا شديم
20:13,20:16,"Well, not quite the thrill ride of the First Punic War,",خب، به اندازه‏ي جنگ اول پوني ،هيجان زيادي نداشت
20:17,20:19,"but, hey, sequels are tough, huh?",اما، دنباله‏هاش سخت بود، ها؟
20:20,20:21,You disappoint me.,.نااميدم کردي
20:21,20:23,"Well, join the club.",.خب، به باشگاه نااميد‏ها خوش اومدي
20:23,20:25,I notice...,...متوجه شدم
20:26,20:28,you didn't sign it.,.امضاش نکردي
20:31,20:33,Then again...,...اما اينو بايد در نظر داشت
20:34,20:37,craftsmanship like this...,...که چنين هنرمندي‏اي
20:38,20:41,"you didn't need to, did you?",نيازي به امضاي شما نداشت، داشت؟
20:41,20:44,I made a sword. Is that a crime?,.يه شمشير ساختم جرمه؟
20:45,20:48,Evan McCauley.,.ايوان مک‏کالي
20:48,20:52,Diagnosed with schizophrenia at 14...,چهارده سالگي تشخيص دادن ،اسکيزوفرني داري
20:52,20:56,"after carving the words ""Look inside""",اون هم پس از اين‏که با موکت‏بُر ...روي سينه‏ت
20:56,20:59,into your chest with a box cutter.,"""جمله‏ي ""داخل رو نگاه کنيد... .حک کردي"
21:00,21:03,Electroshock proved unhelpful.,.درمان الکتروشوک هم بي‏فايده بود
21:03,21:05,But these...,...اما اينا
21:06,21:08,"are not bad, eh?",بد نيستن، ها؟
21:12,21:15,"- Doctor, can I... - Please. Go ahead.",دکتر، مي‏تونم...؟ - .خواهش مي‏کنم. بفرماييد -
21:18,21:22,"At 16, attempted suicide via car crash,",در شانزده سالگي، با ماشين ،اقدام به خودکشي کردي
21:22,21:26,necessitating the steel plate in your skull.,که لازم شد يه صفحه‏ي پولادي .توي جمجمه‏ت قرار بدن
21:26,21:29,Spent the rest of your early life,بقيه‏ي اوايل زندگيت هم يه پات توي .تيمارستان‏ها بوده، يه پات هم توي پرورشگاه‏ها
21:29,21:33,bouncing around between psych hospitals and foster homes.,بقيه‏ي اوايل زندگيت هم يه پات توي .تيمارستان‏ها بوده، يه پات هم توي پرورشگاه‏ها
21:33,21:35,"Well, I only cut a couple of his fingers off.",.فقط 2-3 تا از انگشت‏هاش رو بُريدم
21:35,21:38,"I don't think I'm gonna need to plead insanity on this one, am I, Doctor?",فکر نمي‏کنم نياز باشه براي اين يه مورد اتهام جنون رو بپذيرم، درسته، دکتر؟
21:38,21:40,I'm curious.,.کنجکاوم
21:41,21:42,"""Look inside.""",""".داخل رو نگاه کنيد"""
21:44,21:46,- Why those words? - Why not?,چرا اين واژه‏ها؟ - چرا که نه؟ -
22:12,22:16,Which one of these... is yours?,کدوم از اينا... مالِ توئه؟
22:17,22:20,You can skip the... whatever the hell this is,مي‏توني از اين سوال که اينا ديگه ،چه کوفتيه صرف‏نظر کني
22:20,22:23,because none of that is mine.,.چون هيچ‏کدوم‏شون مالِ من نيست
22:26,22:28,You're not supposed to have that in here.,.تو نبايد اونو بياري اين‏جا
22:37,22:38,What's going on here?,اين‏جا چه خبره؟
22:39,22:40,"Hey, Officer.",.هي، افسر
22:58,23:01,"Hey, what the hell is going on here?",هي، هيچ معلومه اين‏جا چه خبره؟
23:07,23:08,Pick it up.,.برش دار
23:09,23:10,What?,چي؟
23:11,23:13,Pick it up.,.برش دار
23:18,23:20,Paris.,.پاريس
23:20,23:22,1794.,.سال 1794
23:22,23:25,The last meal of the Comte d'Anjou.,.آخرين غذايِ کُنت دي‏آنجو
23:29,23:31,A Bordeaux.,.بوردو
23:31,23:34,Not a bad choice for a last meal.,.براي آخرين غذا انتخاب بدي نيست
23:35,23:36,Was it yours?,مالِ تو بود؟
23:38,23:41,"I wish I knew what you were talking about, but I don't know what to tell...",،کاش مي‏دونستم داري از چي حرف مي‏زني ...ولي نمي‏دونم چي بگم
23:41,23:42,Jesus!,!يا خدا
23:42,23:45,"Every time you say, ""I don't know,""","،""هر بار که ميگي: ""نمي‏دونم"
23:45,23:48,this trigger gets pulled.,.اين ماشه چکانده مي‏شه
23:52,23:54,- Is it yours? - I don't know...,مالِ توئه؟ - ...نمي‏دونم -
23:54,23:56,Are you out of your mind?,مگه زده به سرت؟
23:56,23:59,- We're in a police station! Hello! Officer! - The room is soundproof!,!ناسلامتي توي اداره‏ي پليسيم! آهاي! افسر - !اتاق ضدصوته -
23:59,24:04,They won't even hear it when I put 250 grams of lead through the back of your skull.,حتي اگه 250 گرم سُرب پشتِ جمجمه‏ت .خالي کنم، صداش رو نمي‏شنون
24:10,24:13,"- Is it yours? - Yes. Okay, yes, it's mine.",مالِ توئه؟ - .بله. باشه، بله، مالِ منه -
24:13,24:14,Are you happy?,راضي شدي؟
24:14,24:15,Jesus!,!يا خدا
24:17,24:20,Lying... won't help.,.دروغ‏گويي... کمکي نمي‏کنه
24:20,24:25,Look. I'm just a guy who was at the wrong place at the wrong time. That's all.,ببين. من فقط آدمي‏ام که در زمان اشتباهي .توي جاي اشتباهي بودم. همين
24:25,24:27,"Last chance, Evan.",.آخرين فرصتته، ايوان
24:28,24:32,Is... it... yours?,اين... مالِ... توئه؟
25:12,25:14,There's the Treadway I know!,!همون تريدويي که مي‏شناسم
25:23,25:26,Little trick I learned from you.,.نيرنگ کوچيکي که ازت ياد گرفتم
25:29,25:31,"Hello, old friend.",.سلام، دوست قديمي
25:53,25:55,Whoa!,!هوي
25:58,26:00,Get in!,!سوار شو
26:13,26:14,- Hold on. - Shit!,.محکم بشين - !لعنتي -
26:34,26:35,Go! Turn! Turn!,!برو! بپيچ! بپيچ
26:48,26:50,"Oh, shit!",!اوه، گندش بزنن
26:52,26:54,"Whoa, whoa, whoa, whoa!",!هي، هي، هي، هي
26:56,26:57,Go! Go!,!برو! برو
27:02,27:04,Inside!,!داخل
27:04,27:06,"- Hold tight. - Oh, sh...",.محکم بشين - ...واي، گند -
27:17,27:18,Cover!,!پناه بگيريد
27:20,27:22,"What are you waiting for? Come on, let's go!",منتظر چي هستي؟ !زودباش، بريم
27:22,27:24,- Go the other way! - Take the wheel.,!اون يکي راه برو - .فرمون رو بگير -
27:24,27:26,- What? - Get out of the car!,چي؟ - !از خودرو پياده بشيد -
27:26,27:29,"Yeah, sure. Retractable steering wheel. No problem. That's normal.",.آره، حتماً. فرمون جمع‏شدني .مشکلي نيست. عاديه
27:32,27:35,- Reverse. - Shoot that son of a bitch.,.دنده عقب برو - .به اون تخم سگ شليک کن -
27:40,27:43,Move! Clear the street!,!جُم بخوريد! خيابون رو خلوت کنيد
27:43,27:45,Shoot the driver!,!راننده رو بزن
27:49,27:51,Jesus Christ!,!خداي من - !مراقب باشيد -
27:55,27:57,Who are they?,اونا کي‏اند؟
28:01,28:02,"Relax, it's bulletproof.",.آروم باش، ضد گلوله‏ست
28:06,28:07,180 now!,!حالا 180 درجه بچرخ
28:25,28:26,Don't stop.,.توقف نکن
29:10,29:12,"- Can I ask you a question? - Yeah, sure.",مي‏تونم يه سوال بپرسم؟ - .آره، حتماً -
29:12,29:13,Who the hell are you?,تو ديگه کي هستي؟
29:13,29:15,I'm Nora Brightman.,.نورا برايت‏مَن هستم
29:15,29:17,Okay. But who was that dude back there?,.خيلي خب ولي اون بابايي که اونجا بود کيه؟
29:17,29:20,Bathurst. You didn't recognize him?,.باتورست نشناختيش؟
29:20,29:22,"No, I didn't. But clearly you did.",.نه، نشناختم .ولي واضحه که تو شناختيش
29:22,29:24,"Well, you've known him a long time.",.خب، خيلي وقته که مي‏شناسيش‏
29:24,29:27,"I've never seen that man before in my life. Him, I think I'd remember.",.تو عمرم هيچ‏وقت اون مرد رو نديدم .اگه ديده بودمش، فکر مي‏کنم يادم مي‏اومد
29:27,29:29,"Well, not in this life, maybe.",.خب، شايد توي اين زندگي نديدي
29:29,29:31,"Oh, no. Maybe I bumped into him during the Second Punic War?",اوه، نه. امکانش هست توي جنگ دوم پوني بهش برخورد کرده باشم؟
29:31,29:34,Or maybe it was the French Revolution. I'm bad with dates.,".يا شايد توي ""انقلاب فرانسه"" بوده .توي تاريخ‏ها خوب نيستم"
29:34,29:37,- You remember that? - No. I don't remember the French Revolution.,مگه يادته؟ - .نه. انقلاب فرانسه رو به ياد ندارم -
29:37,29:40,I figured it out. I see now. I get it.,.فهميدم. الان متوجهم. گرفتم
29:40,29:42,- You do? - None of this is real.,جدي؟ - .هيچ‏کدومِ اينا واقعي نيست -
29:42,29:44,It's a psychotic break.,.يه فروپاشي روانيه
29:44,29:46,"I'm gonna wake up in a hospital somewhere, drooling all over myself,",درحالي‏که سر تا پاي خودم رو با آب دهن تفي ...کردم، توي بيمارستاني جايي بيدار مي‏شم
29:46,29:48,- strung out on lithium. - Is that easier to believe,.که تحت تاثير مصرف ليتيوم قرار گرفتم - ...باورپذيرتر از اين فکره که -
29:48,29:51,than the idea that maybe destiny has something more in store for you?,شايد سرنوشت چيز مهم‏تري... برات در نظر گرفته باشه؟
29:51,29:54,"Destiny? Where I come from, we got bills to pay, rent to make.",سرنوشت؟ من اهل کجايي‏ام که بايد قبض‏ها .رو پرداخت کنيم و پول اجاره در بياريم
29:54,29:57,- Nobody's got time for destiny. - That's a shame.,.هيچ‏کسي براي سرنوشت وقتي نداره - .چه حيف شد -
30:13,30:15,"I know you've been looking for answers, Evan.",،مي‏دونم دنبال يه سري پاسخ‏ها بودي، ايوان
30:15,30:17,But you're not crazy. You never have been.,.اما تو ديوونه نيستي .هيچ‏وقت هم نبودي
30:17,30:20,"No, I'm not crazy. I'm just delusional.",.نه، ديوونه نيستم .فقط توهمي‏ام
30:20,30:23,Do you ever find yourself drawn to places you've never been?,تاحالا خودت رو غرق در جاهايي که هيچ‏وقت نبودي، ديدي؟
30:23,30:26,Do you ever see a picture of a place and just know you've been there?,تاحالا تصويرِ جايي رو ديدي و بفهمي که اونجا بودي؟
30:26,30:27,Do you know things you shouldn't?,چيزهايي رو مي‏دوني که نبايد بدوني؟
30:27,30:29,"Do you pick up things fast, almost as if",،سريع به چيزهايي پي مي‏بري ...تقريباً انگار که
30:29,30:32,"you're remembering skills, not learning them?",،استعدادهايي به ياد مياري... اما يادشون نمي‏گيري؟
30:32,30:34,I've told a dozen therapists this.,.اينو به 12 تا روان‏پزشک گفته‏ام
30:34,30:37,"I've been analyzed every way possible, a hundred times over.",به هر روش ممکني، بيش از 100 بار .روانکاوي شده‏ام
30:37,30:38,It doesn't mean anything.,.هيچ معنايي نداره
30:38,30:41,Do you dream in other languages?,به زبان‏هاي ديگه‏اي خواب مي‏بيني؟
30:44,30:47,"That's what schizophrenia is. Different people, same head.",.اسکيزوفرني همينه ديگه .آدم‏هاي متفاوت، با يه ذهن مشابه
30:47,30:51,"What if it were the same person, different lives?",اگه يه آدم بود و زندگي‏هاي متفاوت، چي؟
30:51,30:54,- You're talking about reincarnation. - Yeah.,.داري از تناسخ حرف مي‏زني - .آره -
30:54,30:56,You can forge a sword because you were a blacksmith.,،مي‏توني يه شمشير بسازي .چون يه آهنگر بودي
30:56,30:59,You speak Russian because you were Russian.,،روسي بلدي حرف بزني .چون روسي بودي
30:59,31:01,"Look, I hate to break it to you.",ببين، دوست ندارم حرف ناراحت‏کننده‏اي .بهت بزنم
31:01,31:04,"It's a comforting idea, souls moving from one body to the next.",،فکر آرامش‏بخشيه .ارواح از يه بدن به بدن ديگه‏اي منتقل مي‏شن
31:04,31:08,"But it's basically just a spiritual equivalent of ""better luck next time."" Okay?","اما اساساً فقط معادل معنوي اينه دفعه‏ي ديگه بخت بهتري داشته باشي"". خب؟"""
31:08,31:10,Nothing more and nothing less.,.نه بيش‏تر، نه کم‏تر
31:10,31:13,"- Feel safe warm and inside all that cynicism? - I do, actually.",از اين همه کلبي‏گري احساس راحتي مي‏کني؟ - .راستش آره -
31:13,31:15,- And how's that working out for you? - In the grand scheme of things?,و اين مرام چطور نتيجه‏اي داره؟ - در کل ماجرا؟ -
31:15,31:17,Like big-picture shit? Not so great.,به طول کلي؟ .خيلي خوب نيست
31:17,31:19,But I'm good. I'm surviving.,.ولي مشکلي ندارم. من زنده مي‏مونم
31:20,31:25,"The visions you've had your entire life, Evan, aren't hallucinations.",،تصوراتي که در کل زندگيت ديده‏اي، ايوان .توهم نيستن
31:25,31:26,They're memories.,.خاطرات هستن
31:27,31:30,"So, you're saying that a hundred doctors were wrong?",پس، داري ميگي 100 تا پزشک اشتباه کردن؟
31:30,31:35,Fifty medications didn't work because I'm really a reincarnated Russian blacksmith?,پنجاه تا دارو جواب نداده، چون واقعاً تناسخ يه آهنگر روس‏ام؟
31:35,31:37,This is real.,.واقعيه
31:38,31:40,I'm real.,.من واقعي‏ام
31:40,31:43,"Oh, yeah? This is no version of reincarnation I've ever heard of.",جدي؟ .درباره‏ي چنين نسخه‏ي تناسخي نشنيده بودم
31:43,31:44,"Buddhist, Hindu, Sikh.",.بودا، هندو، سيک
31:44,31:47,They believe each life begins with a clean slate.,اينا باور دارن که هر زندگي‏اي .با لوح سفيدي آغاز مي‏شه
31:47,31:50,The answers you've been looking for all your life...,براي رسيدن به پاسخ‏هايي که همه‏ي زندگيت ،به دنبال‏شون بودي
31:51,31:54,all you gotta do is get on that plane.,.فقط بايد سوار اون هواپيما بشي
31:57,32:00,You know what I'm really asking myself right now is?,مي‏دوني همين الان دارم از خودم چي مي‏پرسم؟
32:00,32:03,What if the craziest thing I've ever heard... and this is some crazy shit...,اگه احمقانه‏ترين حرفي باشه که تاحالا شنيده‏ام ...چي؟ و اين اتفاق عجيب‏وغريب
32:03,32:06,is actually the first thing that's ever made any goddamn sense?,در واقع اولين چيزي باشه که منطقيه؟...
32:09,32:13,"I don't gotta go feed the cat, so... let's go.",،گربه‏اي ندارم که برم غذاش رو بدم .پس... بيا بريم
32:40,32:42,Go on.,.کارِت رو بکن
33:03,33:05,They left from a private airport.,.از يه فرودگاه خصوصي رفتن
33:06,33:07,It was an unlisted flight.,.يه پرواز ثبت‏نشده بود
33:09,33:10,She was there fast.,.دختره سريع رسيد
33:12,33:14,Too fast.,.خيلي سريع
33:14,33:18,The sword hadn't been in the system for more than a few hours.,اون شمشير بيش‏تر از چند ساعت .توي سيستم پليس ثبت نشده بود
33:18,33:20,- Then they have a base here in New York. - I want it found.,.پس اينجا توي نيويورک پايگاه دارن - .مي‏خوام پيدا بشه -
33:20,33:24,It will lead us to Evan McCauley.,.ما رو به ايوان مک‏کالي مي‏رسونه
33:24,33:26,He will lead us to the Egg.,".ايوان هم ما رو به ""تخم"" مي‏رسونه"
33:26,33:27,Again.,.دوباره
33:48,33:50,We call ourselves the Infinite.,".ما به خودمون ""بي‏نهايت"" مي‏گيم"
33:50,33:53,"Less than 500 souls from across the globe,",،کم‏تر از 500 نفر از سرتاسر جهان
33:53,33:57,all born with the ability to remember all our past lives,با اين توانايي زاده شديم که ،همه‏ي زندگي گذشته‏مون رو به ياد مي‏آريم
33:57,34:00,and the skills we've learned in each of them.,و مهارت‏هايي که از هر کدوم از اين .زندگي‏ها ياد گرفتيم
34:00,34:02,There are two groups within the Infinites:,:در بي‏نهايت‏ها دو گروه هست
34:02,34:07,"Bathurst and the Nihilists, who just want the world to end,",،باتورست و پوچ‏گراها ،که فقط مي‏خوان جهان به پايان برسه
34:07,34:09,and us... the Believers.,.و ما... باورمندان
34:10,34:11,And what is it that we believe?,اون‏وقت ما به چي باور داريم؟
34:12,34:15,We believe that our gift is a responsibility.,.باور داريم که استعدادمون يه مسئوليته
34:15,34:18,That it's up to us to leave humanity,...اين‏که وظيفه‏ي ماست بشريت رو در وضعيتي
34:18,34:21,- better off than we found it. - Yeah.,.بهتر از وضعيتي که ما پيدا کرديم، ترک کنيم - .آره -
34:22,34:24,I think I'm gonna need these.,.فکر کنم اينا لازمَم مي‏شه
34:57,34:59,- Hey. - Hey.,.سلام - .سلام -
34:59,35:00,Thanks.,.ممنون
35:02,35:05,Wow. It's a long way from Arthur Avenue.,.واو. تا خيابان آرتور خيلي راهه
35:07,35:08,It always blows my mind.,.هميشه منو مات و مبهوت مي‏کنه
35:09,35:11,We call it the Hub.,".""بهش مي‏گيم ""کانون"
35:16,35:19,"This is the place where you're gonna get your memories back, Evan.",اين‏جاست که قراره دوباره خاطراتِت رو .به ياد بياري، ايوان
35:22,35:23,We'll be landing soon.,.به زودي فرود مي‏آيم
35:39,35:43,- Recognize anything? - I'm pretty sure I'd remember this.,چيزي به جا مياري؟ - .کاملاً مطمئنم که اينو به ياد مي‏آرم -
35:43,35:45,It used to be dedicated to scientific research.,.قبلاً وقفِ پژوهش‏هاي علمي شده بود
35:45,35:48,Anthropology and linguistics.,.انسان‏شناسي و زبان‏شناسي
35:48,35:50,All of us using what we've learned.,.همه‏ي ما از آموخته‏هامون استفاده مي‏کنيم
35:50,35:53,Life after life for the advancement of mankind.,زندگي پس از زندگي .براي پيش‏رفتِ بشريت
35:53,35:55,And what is it now?,الان چي؟
35:55,35:59,Headquarters for the losing side in the war.,.مقرِ بازنده‏ي جنگ
36:03,36:06,Bathurst is the master of combat.,.باتورست استاد مبارزه‏ست
36:06,36:07,Hundreds of lifetimes.,.با تجربه‏ي 100ها زندگي
36:16,36:18,You must be prepared for everything.,.بايد آمادگيِ همه چيز رو داشته باشيد
36:26,36:28,He's the apex predator in our world.,.اون توي جهانِ ما، شکارچي رأس هرمه
36:31,36:33,Again.,.دوباره
36:41,36:43,Why are they bowing?,چرا تعظيم مي‏کنن؟
36:43,36:45,They're hoping you're Heinrich Treadway.,.اميدوارن که هاينريش تريدوي باشي
36:45,36:47,- Again! - Reincarnated.,!دوباره - .تناسخ‏شده -
36:48,36:49,"""Heinrich""?","هاينريش""؟"""
36:49,36:52,It was a popular name in the '50s.,.توي دهه 50 اسم محبوبي بود
36:52,36:53,In the '50s.,.توي دهه 50
36:53,36:57,"Great for rock 'n' roll, but lousy for names, I guess.","""به نظرم براي گروه ""راک اَند رول .خيلي خوبه، اما براي اسم شخص مزخرفه"
36:57,36:59,The 1750s.,.سال 1750 رو ميگم
37:02,37:04,What do I know that you need so bad?,مگه من چي مي‏دونم که بدجوري نيازش داري؟
37:04,37:07,That's why you're here... to find out.,،براي همينه که اينجايي .تا بفهمي
37:31,37:35,- This is Treadway's room. - Are you asking me or telling me?,.اين اتاقِ تريدويه - مي‏پرسي يا ميگي؟ -
37:35,37:38,I must've really screwed up on my last incarnation.,.لابد توي آخرين تناسخم حسابي گند زدم
37:38,37:40,Why would you say that?,چرا اينو ميگي؟
37:40,37:43,Have you seen where I live in this life?,ديدي تو اين زندگاني کجا زندگي مي‏کنم؟
37:49,37:52,That's Treadway's Himalaya diary.,.دفتر خاطراتِ تريدوي در هيماليا
37:55,37:57,That was me.,.اون من بودم
37:58,38:00,When I was Leona Warrick.,.زماني که لئونا واريک بودم
38:01,38:04,And that was Treadway.,.و اون تريدوي بود
38:11,38:13,"Two days after that picture was taken,",،دو روز پس از اين‏که اين عکس گرفته شد
38:13,38:15,Treadway saved my life.,.تريدوي جون‏مون رو نجات داد
38:16,38:19,There's a reason you picked that book.,.دليلي داره که اين کتاب رو انتخاب کردي
38:20,38:23,All this tells me is what he did.,.همه‏ي اينا بهم ميگن اون چي‏کار کرده
38:23,38:25,None of it tells me who he was.,.هيچ‏کدوم نمي‏گن که کي بوده
38:25,38:28,Here we can study anything and everything.,اين‏جا مي‏تونيم روي .همه چي مطالعه کنيم
38:28,38:31,"Space, time, scale. It's all relevant.",.فضا، زمان، مقياس .همه‏شون به هم مرتبط اند
38:32,38:34,That doesn't seem like much.,.چندان به نظر نمي‏رسه اين‏طور باشه
38:34,38:36,Welcome to my virtual sandbox.,.به جعبه‏شني مجازيِ من خوش اومدي
38:36,38:38,- Name's Garrick. - Hi.,.گَريک هستم - .سلام -
38:38,38:40,Garrick is our head of technology and research.,.گَريک سرپرست فناوري و پژوهشي ماست
38:41,38:43,He doesn't look like much.,.خيلي شبيه نيست
38:43,38:45,"Goddamn, it's good to see you again.",.لعنتي! خوشحالم دوباره مي‏بينمت
38:46,38:48,It's nice to meet you too.,.من هم از آشنايي‏تون خوشحالم
38:48,38:52,"Don't worry. All this shit, it just gets weirder.",.نگران نباش .اين اوضاع عجيب‏تر هم مي‏شه
38:52,38:53,Okay.,.خيلي خب
38:53,38:55,Now let's get started.,.حالا بيا شروع کنيم
38:55,38:56,Follow me.,.دنبالم بيا
38:59,39:01,"Stand there for me, please.",.لطفاً اونجا وايسا
39:02,39:03,Okay.,.باشه
39:20,39:22,That's the guy from the police station.,.اين همون ياروييه که توي اداره‏ي پليس بود
39:22,39:25,Bathurst. He and Treadway were once friends.,.باتورست .يه زماني اون و تريدوي باهم دوست بودن
39:25,39:27,"A dozen lifetimes. Wars, peace.",.توي زندگي‏هاي زيادي .در جنگ‏ها، صلح
39:27,39:31,They stood together at some of the greatest moments in human history.,در برخي از بزرگ‏ترين لحظاتِ تاريخِ بشريت .کنار هم ايستادن
39:32,39:34,Then Bathurst lost faith.,.سپس باتورست ايمانش رو از دست داد
39:34,39:38,"For the last 300 years, he's been looking for a way out.",،در گذر 300 سال اخير .دنبال يه راه خروج بوده
39:38,39:40,He needed a way to stop reincarnating.,براي جلوگيري از تناسخ .يه راه نياز داشت
39:41,39:42,He wants it all to end.,.مي‏خواد همه چي به پايان برسه
39:42,39:45,That's why he made this.,:براي همين اين رو ساخت
40:15,40:20,"The Egg, designed to kill every living thing on earth.","تخم""، براي نابودي همه‏ي جان‏دارهاي"" .روي زمين طراحي شده"
40:20,40:23,That seems a little drastic.,.کمي خشن به نظر مي‏رسه
40:23,40:25,"If there's nothing left alive,",،اگه هيچ جان‏داري نمونه
40:25,40:28,there's nothing left to reincarnate into.,.چيزي باقي نمي‏مونه که در اون حلول کنه
40:30,40:34,It attacks life at the source... DNA...,،به منبعِ زندگي حمله مي‏کنه، يعني دي.اِن.اي
40:35,40:37,unwinding the very fabric of existence.,.تار و پودِ هستي رو از هم باز مي‏کنه
40:37,40:41,"Every plant, every animal every person.",.هر گياهي، هر جانوري، هر فردي
40:41,40:42,Mama!,!مامان
40:42,40:44,Jordan!,!جُردَن
40:47,40:49,I'm coming!,!دارم ميام
40:55,40:57,Like unplugging a computer,،مانند اينه که وقتي برنامه‏اي هنگ کرده
40:57,40:59,when a program freezes.,.دو شاخه‏ي رايانه رو از برق بکشي
40:59,41:01,"Only when he pulls this plug,",،وقتي باتورست اين دو شاخه رو بکشه
41:01,41:03,seven billion people will go with him.,.هفت ميليارد نفر با اون مي‏ره
41:05,41:07,Everything it kills accelerates the process.,.هر چيزي که بکُشه، به اين فرآيند شتاب ميده
41:12,41:16,"God! Holy shit, that felt freakin' real!",!خدايا !جل‏الخالق، حسش بدجوري واقعي بود
41:16,41:18,"Without you, none of us would be here right now.",.بدون تو، الان هيچ‏کدوم از ما اينجا نبود
41:19,41:20,What are you talking about?,داري درباره‏ي چي حرف مي‏زني؟
41:20,41:23,"Last cycle, you raided Bathurst's lab,",،آخرين چرخه ،تو به آزمايشگاهِ باتورست حمله کردي
41:23,41:26,"stole the Egg, killed his Einstein and everyone who helped build it,","تخم"" رو دزديدي، اينشتينِ اون و"" ،هر کسي که براي ساختنش کمک کرد کُشتي"
41:26,41:28,leaving him with no way to recreate it.,.هيچ راهي براي بازسازيش نذاشتي
41:28,41:32,You took the secret of the Egg's whereabouts to your grave.,.رازِ محلِ تخم رو با خودت به گور بردي
41:32,41:35,Bathurst spent this entire lifetime looking for it.,باتورست کل زندگي فعلي رو .به دنبالش گشت
41:35,41:38,And he's getting closer and closer to finding it every day.,و هر روز داره به پيدا کردنش .نزديک‏تر و نزديک‏تر مي‏شه
41:38,41:40,That's why he tracked you down in New York.,.براي همينه که توي نيويورک رَدت رو گرفت
41:40,41:43,"So I get on the plane, you get all my memories back,",پس سوار هواپيما مي‏شم، همه‏ي ،خاطراتم رو برمي‏گردونيد
41:43,41:45,"and I save the whole entire world, right? That's it?",و کل جهان رو نجات ميدم، درسته؟ همين؟
41:45,41:46,"That's pretty much basically it, right?",در واقع کمابيش همينه، درسته؟
41:46,41:48,Told you it was gonna get weird.,.گفتم که قراره اوضاع عجيب بشه
41:48,41:50,"So, what now?",خب، حالا چي؟
41:53,41:55,"Tell me good news, Nora.",.بهم خبر خوب بده، نورا
41:55,42:00,"Bryan Porter. Treadway had a gift with steel, didn't he?",.برايان پورتر تريدوي در زمينه‏ي پولاد مهارت داشت، مگه نه؟
42:00,42:04,Impeccable. Your friends in the NYPD were certainly impressed with it.,مو لا درزش نمي‏ره. مطمئناً دوستان‏تون در .اداره‏ي پليسِ نيويورک تحت تاثيرش قرار گرفتن
42:04,42:09,"Unfortunately, their encryption skills are less than impeccable.",بدبختانه، مهارت‏شون در رمزگذاري .خيلي هم بي‏نقض نيست
42:09,42:11,Led us right to you.,.درست ما رو به تو رسوند
42:21,42:25,"You do know we have easier ways of doing things now, right?",مي‏دوني الان براي انجام اين کارها روش‏هاي ساده‏تري داريم، درسته؟
42:26,42:27,Newer...,"...""جديدتر"""
42:28,42:30,almost never means better.,".تقريباً به معني ""بهتر"" نيست"
42:39,42:43,We're going to uncover Evan McCauley's location.,مي‏خوايم موقعيتِ ايوان مک‏کالِي رو .کشف کنيم
42:43,42:45,We'll brute-force your encryption.,.به رمزگذاريت حمله‏ي بروت-فورس مي‏کنيم
42:46,42:50,But I'd consider it... a courtesy...,...اما اينو يه لطف در نظر مي‏گيرم
42:51,42:52,if you just...,...اگه فقط
42:54,42:55,sped the process up.,.سرعتِ فرآيند کار رو بالا ببري
42:58,43:00,Tell us where he is.,بگو اون کجاست؟
43:08,43:10,Okay.,.باشه
43:12,43:13,I know where he is.,.مي‏دونم کجاست
43:16,43:17,Of course I do.,.البته که مي‏دونم
43:18,43:22,I know exactly where he is. I just...,.دقيقاً مي‏دونم کجاست ...من فقط
43:25,43:27,"I, um...",...من، آم
43:27,43:31,I sometimes have difficulties...,.گاهي اوقات... حافظه‏ام ياري نمي‏کنه
43:31,43:32,with my memory.,.گاهي اوقات... حافظه‏ام ياري نمي‏کنه
43:32,43:34,Memory.,.حافظه
43:34,43:35,I remember,...يادمه
43:35,43:38,when you used to gather honey,...اون زمان که توي دشت‏هايِ ماراتُن (دشتي در يونان با پيشينه‏ي تاريخي =)
43:38,43:40,on the fields of Marathon.,.داشتي عسل جمع مي‏کردي...
43:41,43:46,Just another reminder of how nothing stays the same.,،فقط يه يادآوري ديگه .هيچي بي‏تغيير نمي‏مونه
43:56,43:58,Would you care for some?,يه کم ميل داري؟
44:03,44:05,You know what real torture is?,مي‏دوني شکنجه‏ي واقعي چيه؟
44:05,44:07,Listening to you?,گوش دادن به حرفِ تو؟
44:07,44:12,"Real torture... isn't physical pain,",،شکنجه‏ي واقعي، درد بدني نيست
44:12,44:15,but human stupidity.,.بلکه جهالت انسانه
44:15,44:18,"Being surrounded by it, engulfed in it.",،اين‏که محاصره‏ت کنه .درش غرق بشي
44:18,44:21,Lifetime after lifetime.,.زندگي پس از زندگي
44:21,44:25,People with their idiot grins!,!آدم‏ها با نيش‏هاي باز احمقانه‏شون
44:25,44:27,Their infuriating pleasantries!,!بذله‏گويي‏هاي اعصاب‏خُردکن‏شون
44:27,44:29,Their need for approval!,!نيازشون به تاييد
44:30,44:33,Their unctuous attempts to be loved and validated!,تلاش‏هاي چاپلوسانه‏شون براي .دوست داشته شدن و پذيرفته شدن
44:33,44:37,"They are walking, talking obituaries...",،آگهي‏هاي ترحيم متحرک و سخن‏گويي‏اند
44:37,44:40,"...on the back page of a dying newspaper,",روي صفحه‏ي پشتِ يه روزنامه‏ي ،در حال از بين رفتن
44:40,44:44,"at the bottom of a birdcage, in the corner of a filthy living room",،کفِ يه قفس پرنده ...گوشه‏ي اتاق نشيمن کثيفِ
44:44,44:45,of a hoarder cat lady!,!يه خانم گربه‏بازِ مُحتکر...
44:45,44:48,- And we are forced... - You'll never understand...,...و ما هم مجبوريم - ...تو هيچ‏وقت دوستي و -
44:48,44:52,"- ...to live amongst them over... - ...friendship, love.",...به طور بي‏نهايتي بين‏شون... - .عشق رو درک نمي‏کني... -
44:52,44:53,...and over endlessly.,.بارها و بارها زندگي کنيم...
44:53,44:56,- That is the true... - You still don't understand about faith!,...اين تعريفِ واقعيِ - !تو هنوز هم ايمان رو درک نمي‏کني -
44:56,44:57,...definition of torture.,!شکنجه‏ست...
44:58,45:01,"Faith! Blah, blah, blah!",!ايمان! اِل و بِل و از اين حرف‏ها
45:01,45:02,Faith!,!ايمان
45:03,45:04,Faith.,.ايمان
45:06,45:08,I'm tired of faith.,.من از ايمان خسته شدم
45:09,45:12,God must show me his face.,.خدا بايد چهره‏ش رو به من نشان بده
45:26,45:29,But thank you... for enlightening me.,.اما سپاس‏گزارم... که حاليم کردي
45:47,45:49,You kept his fucking body?,بدن لعنتيش رو نگه داشتيد؟
45:49,45:50,"Sexy son of a bitch, isn't he?",عوضي جذابيه، مگه نه؟
45:50,45:52,No. He's a dead guy floating in water.,.نه. يه آدم مرده‏ست که توي آب شناوره
45:52,45:54,That's pretty much my worst nightmare.,.تقريباً بدترين کابوس منه
45:54,45:57,"Actually, it's a crotonic acid matrix. Keeps the cells alive.",.در واقع، يه ماتريکس کروتونيک اسيده .سلول‏ها رو زنده نگه مي‏داره
45:57,45:59,Oh. That makes it that much better. Thank you.,.اوه. اين خيلي بهترش مي‏کنه .ممنونم
45:59,46:03,We're trying to understand the science behind what we are.,سعي داريم از علمي که در پسِ هويت‏مونه .سر در بياريم
46:10,46:14,Treadway believed that humans are capable of so much more than we realized.,تريدوي باور داشت که انسان‏ها خيلي بيش‏تر .از اون چه که ما فهميديم، توانايي دارن
46:14,46:17,Is this what you're telling me? I'm not living up to my potential?,مي‏خواي همين رو بهم بگي؟ اين‏که به توانايي پنهانيم عمل نمي‏کنم؟
46:17,46:19,I've heard that speech before.,.قبلاً اين سخن رو شنيدم
46:19,46:23,"Treadway pushed past boundaries others might call paranormal, superhuman.",تريدوي از مرزهايي گذشت که شايد ديگران .بهش فراهنجار و فرا-انساني بگن
46:23,46:26,He can manipulate the energy of the world around him.,مي‏تونه انرژي دنياي اطرافش رو .دست‏کاري کنه
46:26,46:28,I don't even know what that means.,.حتي معنيش رو هم نمي‏دونم چي هست
46:28,46:30,What it means is you'll have skills,يعني به استعدادهايي دست پيدا مي‏کني که .فراتر از هر چيزيه که تاکنون تصور کردي
46:30,46:33,beyond anything you've ever imagined.,يعني به استعدادهايي دست پيدا مي‏کني که .فراتر از هر چيزيه که تاکنون تصور کردي
46:33,46:35,Those abilities are very deep.,.اون توانايي‏ها خيلي عميق‏اند
46:35,46:37,Below the conscious level.,.پايين‏تر از سطح خودآگاهي
46:37,46:41,I'm down. How do we get them back?,.من هستم چطور برشون گردونيم؟
46:42,46:45,"Here, we retrain your memory.",.در اين‏جا، حافظه‏ت رو دوباره آموزش مي‏ديم
46:45,46:49,We combine the physical and the mental to develop new neural pathways.,براي ايجاد مسيرهاي عصبي جديد .جسم و ذهن رو ترکيب مي‏کنيم
46:57,46:59,Memories are held in every organ...,...خاطرات در همه‏ي عضوها
47:00,47:02,every cell in your body.,.و همه‏ي ياخته‏هاي بدنت وجود دارن...
47:11,47:14,Regression takes the kind of concentration it takes years to develop.,بازگشت، به نوعي تمرکز نياز داره که .به دست آوردنش سال‏ها طول مي‏کشه
47:14,47:16,This is a shortcut.,.اين يه ميان‏بره
47:17,47:20,We shock your mind into synching with the system.,به ذهنت شوک وارد مي‏کنيم تا .با سيستم هماهنگ بشه
47:52,47:57,It's working. I'm seeing increased activity in all his memory centers.,داره جواب ميده. در تمام مراکز حافظه‏ش .افزايش فعاليت مي‏بينم
48:30,48:31,Hey!,!هي
48:48,48:50,Come on.,.بيا
48:52,48:54,- That's not Treadway. - Really?,.اون تريدوي نيست - واقعاً؟ -
48:54,48:56,He just beat you.,.الان شکستِت داد
48:56,48:58,Treadway would've killed me.,.اگه تريدوي بود، منو مي‏کُشت
49:05,49:10,"Wow. She wasn't kidding about being at war, huh?",عجب. شوخي نمي‏کرد که در جنگيم، ها؟
49:10,49:12,Improving the human condition.,.بهبودبخشي شرايط بشر
49:12,49:16,Sometimes you do it by painting a chapel ceiling.,گاهي اين کار رو با رنگ کردن .سقف يه کليسا انجام ميدي
49:16,49:18,Yeah. And sometimes you drop them from a mile out.,آره. و گاهي هم از يه مايلي .از دور خارج‏شون مي‏کني
49:18,49:20,Don't touch that.,.به اون دست نزن
49:20,49:22,"Okay, okay.",.خيلي خب، باشه
49:25,49:28,That's no gun I've ever seen before.,.قبلاً همچين سلاحي به عمرم نديده بودم
49:28,49:31,We're reverse-engineering Bathurst's Dethroner.,داريم با مهندسي معکوس .عزل‏کننده‏ي باتورست رو مي‏سازيم
49:31,49:36,"A Dethroner? I mean, dude, who's coming up with these names?",عزل‏کننده‏؟ ميگم، رفيق، همچين نام‏هايي به ذهن کي مي‏رسه؟
49:36,49:37,Look...,،ببين
49:38,49:41,"you can't kill an Infinite. You kill the body, but...",.تو نمي‏توني يه بي‏نهايت رو بکُشي ...جسم رو مي‏کُشي، اما
49:41,49:44,- And they get reincarnated? - Yeah.,و توي يه جسم ديگه حلول مي‏کنن؟ - .آره -
49:45,49:48,This implants in your head,...اين توي سرت نصب مي‏شه
49:48,49:51,and pulls out your consciousness...,...و خودآگاهي و روحت رو
49:52,49:55,"your soul, and onto a digital chip.",،مي‏کُشه... .و روي يه تراشه‏ي ديجيتالي مي‏افته
49:55,49:58,Your soul gets stuck on a disk and breaks the cycle.,"روحت توي يه ديسک گير مي‏افته .و ""چرخه"" شکسته مي‏شه"
49:59,50:02,Over 200 of our brothers and sisters are lost,...بيش از 200 تا از برادرها و خواهرهامون
50:03,50:05,in that digital purgatory.,.تو اين پالايش ديجيتالي از دست رفتن...
50:05,50:08,"You come face to face with this,",،اگه با اين رو به رو شدي
50:08,50:12,my advice... find a way to die the old-fashioned way.,توصيه مي‏کنم يه راه قديمي .واسه مُردن پيدا کني
50:16,50:18,Come in.,.بيا تو
50:22,50:24,Okay if I look around?,اشکالي نداره اطراف رو ببينم؟
50:24,50:25,Be my guest.,.راحت باش
50:45,50:47,"These are all you, aren't they?",همه‏ي اينا تويي، مگه نه؟
50:48,50:50,They're people I once was.,.آدم‏هايي‏اند که يه زماني بودم
50:52,50:53,All of them.,.همه‏شون
50:56,50:57,Wow.,.عجب
50:57,51:00,That's cool. You look happy.,.چه باحال .خوشحال به نظر مياي
51:01,51:03,I was.,.خوشحال بودم
51:04,51:05,Who's that guy?,اون آقا کيه؟
51:05,51:08,"In that picture, he was Abel.",،توي اون عکس .ايبل بود
51:09,51:14,"Before then, other names, other faces.",،پيش از اون .نام‏ها و چهره‏هاي ديگه‏اي داشت
51:14,51:16,But the soul...,...اما روحش
51:16,51:18,the soul was always him.,.روحش هميشه خودش بود
51:18,51:21,"So, what? You loved each other through multiple lives?",منظور؟ توي زندگي‏هاي متعددي هم‏ديگه رو دوست داشتيد؟
51:22,51:24,These are all the same place.,.اينا که همه‏شون يه جاست
51:24,51:28,Angkor Wat. What we call the Beginning.,".انگ‏کور وات .""ما بهش مي‏گيم ""آغاز"
51:30,51:33,I'll find you in the Beginning.,".در ""آغاز"" پيدات مي‏کنم"
51:33,51:34,I love you.,.دوستت دارم
51:34,51:38,"When each of us would find ourselves in a new life,",وقتي هر کدوم از ما خودش رو در ،زندگي جديدي پيدا مي‏کرد
51:38,51:39,this is where Abel and I would go.,.اين جاييه که من و ايبل مي‏رفتيم
51:39,51:42,You're reincarnated. How would you know where to go?,،توي جسم ديگه‏اي حلول مي‏کرديد از کجا مي‏دونيد که کجا بريد؟
51:43,51:47,Most of us have a reawakening that begins young.,بيش‏ترمون دوباره تو حالتي بيدار مي‏شيم .که با جواني آغاز مي‏شه
51:47,51:50,"Starts with small things, memories,",،با چيزهاي کوچيک شروع مي‏شه ،خاطرات
51:50,51:52,"feelings about a place, dreams.",،داشتن احساساتي نسبت به يه مکان .روياها
51:53,51:54,"By puberty,",،با رسيدن بلوغ
51:54,51:56,most Infinites have full recall.,.بيش‏تر بي‏نهايت‏ها به يادآوري کامل مي‏رسن
51:56,52:01,Right around the time they diagnosed me schizophrenic.,درست همون زماني که پزشک‏ها .اسکيزوفرني منو تشخيص دادن
52:01,52:04,So what happened if you died young and got separated?,اگه جوان‏مرگ و از هم جدا مي‏شديد، چي مي‏شد؟
52:04,52:06,For an Infinite...,،براي يه بي‏نهايت
52:07,52:09,"death isn't the end, it's like...",،مرگ پايان کار نيست ...مثل
52:10,52:12,turning the page in a book.,.ورق زدن يه کتابه
52:12,52:15,"Next chapter, same story.",.فصل بعدي، همون داستان
52:16,52:18,That's crazy.,.ديوانه‏کننده‏ست
52:18,52:21,"New lives, new bodies, always meeting back at the same place.",زندگي‏هاي جديد، بدن‏هاي جديد، هميشه .هم‏ديگه رو دوباره توي يه مکان مي‏بينن
52:24,52:25,He was Dethroned.,.عزل شد
52:28,52:30,He's trapped on a computer somewhere.,.يه جايي تو يه رايانه گير افتاده
52:31,52:35,"My last life, I got my memories back...",،توي آخرين زندگيم ...خاطراتم برگشت
52:36,52:38,and realized he was gone.,.و فهميدم اون رفته
52:46,52:49,"It's not my memories that matter, Evan.",،خاطرات من مهم نيستن، ايوان
52:50,52:51,It's yours.,.خاطراتِ تو مهمه
52:58,53:01,"Your last life, in Mexico...",،توي آخرين زندگيت ،در مکزيک
53:02,53:04,where did you hide the Egg?,"تخم"" رو کجا پنهان کردي؟"""
53:26,53:28,Where's the Egg?,"تخم"" کجاست؟"""
53:37,53:39,Where is it?,کجاست؟
53:49,53:50,- He's spiking. - Shut it down.,.فشارش داره بالا ميره - .خاموشش کن -
53:54,53:55,"Hey, you're okay.",.هي، حالت خوبه
53:55,53:58,"You're okay. Hey. Hey, just breathe.",.حالت خوبه. هي .هي، فقط نفس بکش
53:58,53:59,- I need to get up. - Breathe.,.بايد بلند شم - .نفس بکش -
53:59,54:01,"Kovic, check his vitals.",.کوويچ، علائم حياتيش رو بررسي کن
54:01,54:03,"What happened in there, Evan? What did you see?",اونجا چه اتفاقي افتاد، ايوان؟ تو چي ديدي؟
54:03,54:05,Your neural network fired off like the Fourth of July.,شبکه‏ي عصبيت مثل آتيش‏بازيِ .چهارم ژوئيه شده بود (روز استقلال آمريکا =)
54:06,54:09,I've been seeing this stuff all my life. It still doesn't make any sense.,.تمام زندگيم همين چيزها رو ديده‏ام .هنوز هم با عقل جور در نمياد
54:09,54:10,Why can't he remember anything?,چرا نمي‏تونه چيزي به ياد بياره؟
54:10,54:12,"Between the car accident, the electroshock",...بين تصادف با خودرو، الکتروشوک
54:12,54:15,"and the steel plate in his head, his mind is fractured.",،و صفحه‏ي پولادي توي سرش... .ذهنش آسيب ديد
54:15,54:17,Something in there won't let the memories flow.,يه چيزي توي سرش نمي‏ذاره .خاطرات جريان پيدا کنه
54:17,54:22,I can't get them out. I'm afraid the Artisan is our last hope.,.نمي‏تونم خارج‏شون کنم .متاسفانه آرتيسَن آخرين اميدمونه
54:29,54:31,He'll achieve recall soon.,.به زودي حافظه‏ش رو به دست مياره
54:33,54:35,If he hasn't already.,.البته اگه تا الان برنگشته باشه
54:43,54:46,"Hundreds of lifetimes,",،‏‏100ها زندگي
54:46,54:48,and it all comes down to these few hours.,و همه‏ش توي اين چند ساعت .خلاصه مي‏شه
54:51,54:53,If we don't find him...,،اگه پيداش نکنيم
54:55,54:58,before he gets his memories back...,،پيش از اين‏که خاطراتش برگرده
54:58,55:00,we lose the Egg...,...تخم رو از دست مي‏ديم
55:02,55:03,forever.,.براي هميشه
55:05,55:07,The wheels keep turning,...چرخ‏ها همين‏طور مي‏چرخن
55:07,55:10,and we can never...,...و هرگز نمي‏تونيم
55:11,55:13,escape.,.فرار کنيم...
55:17,55:19,We go at dawn.,.سپيده‏دم مي‏ريم
56:12,56:14,"It's been a while, Otto.",.مدتيه نديدمت، اوتو
56:14,56:20,No one's called me by that name in... so many lifetimes.,دوره‏هاي خيلي زياديه که کسي .من رو با اين نام صدا نزده
56:28,56:30,"Hello, my love.",.سلام، عشقم
56:32,56:34,What happened to you?,چي بر سرت اومده؟
56:35,56:38,You were so beautiful.,.تو که خيلي خوشگل بودي
56:38,56:40,As were you.,.تو هم خوشگل بودي
56:40,56:42,You don't miss it...,...دل‏تنگ نشدي
56:42,56:44,the agility...,،واسه چالاکي
56:45,56:46,the vibrancy...,،سرزندگي
56:47,56:48,being confined to this?,خودت رو به اين ويلچر محدود کردي؟
56:49,56:52,You see me as something broken. I don't.,.تو منو به چشم يه چيز از پا افتاده مي‏بيني .من نمي‏بينم
56:53,56:55,"You're the cripple, Otto.",.فلج تويي، اوتو
56:55,56:58,- Crippled by your cowardice. - Cowardice?,.بزدليت تو رو فلج کرده - بزدلي؟ -
56:58,57:03,No. I'm crippled by my memory.,.نه. حافظه‏ام من رو فلج کرده
57:03,57:07,You get your memories back over years. Not me.,،تو خاطراتِت رو طي سال‏ها برمي‏گردوني .نه من
57:07,57:11,I get it all back as my brain forms. In the womb.,خاطراتِ من همون موقعي برمي‏گرده که .مغزم توي بچه‏دان شکل مي‏گيره
57:11,57:16,"Endless hours, days, weeks, months.",،ساعت‏هاي بي‏پايان .روزها، هفته‏ها، ماه‏ها
57:16,57:18,No room to move!,!جاي جُم خوردن نيست
57:18,57:20,Nothing for my brain to do,...مغزم کاري نداره
57:20,57:23,but eat itself.,.جز خودخوري
57:23,57:26,"All these lifetimes, the magnitude of this gift,",،همه‏ي اين زندگي‏ها ،اندازه‏ي اين موهبت
57:26,57:29,and you haven't learned a thing.,.اون‏وقت هيچي ياد نگرفتي
57:29,57:31,I have to get out.,.بايد خارج بشم
57:32,57:33,I have to make it stop.,.بايد جلوش رو بگيرم
57:34,57:38,Don't do it. Don't give him anything.,.اين کار رو نکن .بهش چيزي نگو
57:39,57:41,Where is Treadway?,تريدوي کجاست؟
57:47,57:49,We storming the beach at Normandy?,به ساحلِ نورماندي يورش مي‏بريم؟ (منطقه‏اي جنگي در جنگ جهاني دوم =)
57:49,57:52,You never know with the Artisan.,".هيچ‏وقت نمي‏دوني ""آرتيسَن"" چه مي‏کنه"
57:53,57:54,Let's get ready.,.بيا آماده بشيم
58:29,58:31,"Color out, please.",.بسه، لطفاً
58:34,58:36,"So, the Artisan's a gambler?",پس، آرتيسَن قماربازه؟
58:37,58:38,"No, he's a hedonist.",.نه، لذت‏گراست
58:38,58:41,"Infinite lies, infinite opportunity for debauchery.",،دروغ‏هاي بي‏نهايت .فرصت بي‏نهايت براي عياشي
58:42,58:43,Sounds like my kinda guy.,.به نظر از جنس خودمه
59:37,59:40,"Alexa, music off.",.آلِکسا، موسيقي رو خاموش کن
59:40,59:42,Get him cleaned up and outta here.,.پاکش کنيد و از اين‏جا ببريدش
59:43,59:45,You're operating on dead guys now?,حالا ديگه مُرده‏ها رو عمل مي‏کني؟
59:45,59:47,Da Vinci used to cut into human cadavers,...داوينچي نعش انسان‏ها رو تکه‏تکه مي‏کرد
59:47,59:50,so that he could better understand the human form.,.تا بتونه اندام انسان رو بهتر بفهمه
59:50,59:54,"For me, I'm all about that brain, baby.",.اما من، به مغز خيلي علاقه دارم، جونم
59:54,59:58,But you know that all too well.,.ولي خودت هم اينو خوب مي‏دوني
59:58,60:03,"Oh, what a beautiful cranial arch you got this time around.",واي، اين بار چه جمجمه‏ي قوس‏دار .خوشگلي داري
60:03,60:07,I could better examine it if I severed your head from your neck.,اگه سرت رو از گردنت جدا کنم .بهتر مي‏تونم بررسيش کنم
60:07,60:10,Like Treadway did to me when last we met.,همون کاري که تريدوي تو آخرين ديدارمون .با من کرد
60:10,60:12,- Try it. - Oh.,.امتحان کن - .واي -
60:12,60:14,Bathurst took the Hub.,".باتورست ""کانون"" رو گرفت"
60:17,60:19,- Does he have the Egg? - No.,"تخم"" رو داره؟"" - .نه -"
60:19,60:21,Think we'd be here if he did?,به نظرت اگه داشت، مي‏اومديم اين‏جا؟
60:22,60:26,"Wherever it is, it's still in his head.",،هر جا که هست .توي ذهنِ اونه
60:28,60:29,Treadway?,تريدوي؟
60:29,60:31,So they say.,.اين‏طور ميگن
60:33,60:35,Wait. Is he blocked?,.صبر کن فراموش کرده؟
60:37,60:39,"Well, well, well, look at this.",،بَه بَه بَه .اينو نگاه
60:39,60:41,Huh.,
60:41,60:45,"So, your hard drive got fragged,",،پس، هارد ديسکت خراب شده
60:45,60:48,which means we're gonna have to reset your memory.,که اين يعني بايد حافظه‏ت رو .دوباره تنظيم کنيم
60:48,60:53,"And, Heinrich, I gotta tell ya, I'm really gonna enjoy this.",،و، هاينريش، بايد بگم .قراره از اين کار خيلي لذت ببرم
60:54,60:56,Ooh!,!اوه
60:56,60:57,Check this out.,.اينو داشته باشيد
61:00,61:03,"You're all familiar with the idea that when you die,",،همه‏تون با اين ايده آشناييد که وقتي مي‏ميريد
61:03,61:06,"your life flashes before your eyes, right?",زندگي‏تون از جلوي چشم‏هاتون رد مي‏شه، درسته؟
61:06,61:10,"This machine enhances that experience,",،اين دستگاه، اون تجربه رو افزايش ميده
61:10,61:12,"prolonging your sense of time,",،حس‏تون رو نسبت به زمان طولاني مي‏کنه
61:12,61:17,allowing you to restore or reorder everything inside.,که بهتون اجازه ميده هر چيزي که .توي ذهنه بازيابي و بازآرايي کنيد
61:17,61:24,This... This right here is the closest you're gonna get to a total mental reboot.,اين، ايني که همين‏جاست، نزديک‏ترين .دستگاهيه که ذهن‏‏تون رو کامل بازنشاني مي‏کنه
61:25,61:27,Are you planning on trying to drown me?,سعي داري منو غرق کني؟
61:27,61:28,'Cause I got a thing about drowning.,.چون من با غرق شدن مسئله دارم
61:28,61:30,- Which is? - I don't like it!,چه مسئله‏اي؟ - !خوشم نمياد -
61:30,61:33,"What kind of success rate is this guy working with, anyway?",راستي، ميزان موفقيتِ ايشون چقدره؟
61:34,61:36,Confidence is... high.,.اعتمادش... بالاست
61:36,61:39,"Yeah, and so are you, obviously.",.آره، معلومه تو هم قابل اعتمادي
61:39,61:41,Okay. Hey.,.خيلي خب. هي
61:41,61:43,I like you this time around. You're actually funny.,.اين دوره ازت خوشم مياد .واقعاً بامزه‏اي
61:43,61:48,"Don't take this the wrong way, but you're usually kind of a jerk.",،بد برداشت نکني .اما معمولاً يه جورايي آدم بي‏شعوري هستي
61:48,61:49,"- It's true. - Yeah, she gets it.",.درسته - .آره، اون مي‏فهمه -
61:49,61:51,"So, I'm supposed to trust this guy?",خب، بايد به اين آقا اعتماد کنم؟
61:51,61:53,"- I wouldn't. - First,",.من بودم نمي‏کردم - ،اول -
61:53,61:55,I resent the gender labeling.,.از برچسب زدن جنسيتي بيزارم
61:55,61:58,"Second, you can trust that we share the same goal.",دوم، مي‏توني مطمئن باشي که .باهم يه هدف مشترک داريم
61:58,61:59,Really? Which is?,واقعاً؟ چه هدفي؟
61:59,62:03,"Bathurst wants to what, destroy every living thing on Earth?",باتورست مي‏خواد چي‏کار کنه؟ همه‏ي جان‏دارهاي زمين رو نابود کنه؟
62:04,62:07,"Well, that's gonna ruin a pretty great party I've got goin' on here.",خب، اين مهموني خيلي خفني که .اين‏جا راه انداختم، نابود مي‏کنه
62:07,62:09,This guy's out of his mind. Hey...,.بابا اين يارو از مخ معافه ...هي
62:10,62:14,- There's a reason you didn't bring me here before. - Mmm.,.دليلي داره که قبلاً منو اينجا نياوردي - .اوهوم -
62:14,62:16,- I could die in there. - Yeah.,.ممکنه توي اون بميرم - .آره -
62:18,62:19,Could it work?,ممکنه جواب بده؟
62:21,62:22,It could.,.ممکنه
62:24,62:26,"But you have a choice, Evan.",.اما تو حق انتخابي داري، ايوان
62:26,62:28,"No, I don't have a choice.",.نه، حق انتخابي ندارم
62:29,62:32,I... I can't let anybody else get hurt,نمي... نمي‏تونم بذارم به خاطر چيزي که .توي ذهنمه، کس ديگه‏اي آسيب ببينه
62:32,62:33,because of what's in my head.,نمي... نمي‏تونم بذارم به خاطر چيزي که .توي ذهنمه، کس ديگه‏اي آسيب ببينه
62:43,62:45,All right. Leap-of-faith time.,.بسيار خب .وقتِ پرش ايمانه
62:46,62:49,Let's just do it now before I change my mind. All right?,حالا بيا قال قضيه رو بکنيم تا نظرم عوض نشده. خب؟
62:49,62:52,Let's go. Turn your machine on.,.بيا شروع کنيم .دستگاهت رو روشن کن
62:52,62:53,Ooh. Ready to go for a swim?,اوه. آماده‏اي بريم شنا؟
62:53,62:56,Yes. This is gonna be so fun!,.بله - !قراره خيلي حال بده -
62:56,62:58,Just shut up and turn it on.,.خفه شو و روشنش کن
63:17,63:20,...prolongs your sense of time.,،حس‏تون رو نسبت به زمان طولاني مي‏کنه
63:23,63:26,"Whatever happens, don't let them stop until it's done.",هر اتفاقي افتاد، تا تموم نشده .نذار قطعش کنن
64:08,64:11,"He'll hold his breath as long as he can, and then...",،تا جايي که بتونه نفسش رو حبس مي‏کنه ...و بعدش
64:11,64:13,base instinct takes over.,.غريزه اصلي جاش رو مي‏گيره
64:30,64:31,Twenty-two. Too many.,.بيست و دو .خيلي زياده
64:34,64:36,Twenty. No more. And 18.,.بيست تا. بيش‏تر نه .و 18
64:54,64:56,"Oh, my God. He's drowning.",.واي، خداي من .داره غرق مي‏شه
64:56,64:58,That's the whole idea.,.هدف هم همينه
65:02,65:06,- Maybe we should pull him out. - He's not there yet. Two more minutes.,.شايد بهتره که بياريمش بيرون - .هنوز تموم نشده. دو دقيقه ديگه -
65:13,65:15,"Abel, listen to me. If I fail...",.ايبل، به من گوش کن ...اگه موفق نشدم
65:19,65:21,Come on.,.زودباش
65:21,65:24,- Nora... - He's dying.,...نورا - .داره مي‏ميره -
65:24,65:26,We're close. We are close.,.نزديکيم .نزديکيم
65:30,65:33,Doesn't have a pulse!,!نبض نداره
65:34,65:35,Get him out!,!بيارش بيرون
65:41,65:42,Come on! Come on.,!زودباش .زودباش
65:53,65:55,Okay. Okay.,.خيلي خب. خيلي خب
65:56,65:58,Get out of the way.,.برو کنار
66:02,66:04,No!,!نه
66:16,66:17,He's gone.,.مُرد
66:20,66:22,We killed him.,.ما کُشتيمش
66:46,66:49,"If I fail, look inside.",.اگه موفق نشدم، داخل رو نگاه کنيد
67:14,67:16,"Evan, you're okay. Just breathe.",.ايوان، حالت خوبه .فقط نفس بکش
67:32,67:35,I am Treadway. I am Treadway.,.من تريدوي هستم .من تريدوي هستم
67:45,67:46,"Hey. Whoa, whoa.",.هي. هي، هي
67:49,67:51,I'm Treadway.,.من تريدوي‏ام
67:54,67:58,"If you are Treadway, answer this:",،اگه تريدوي هستي :به اين پاسخ بده
67:58,68:01,Do you know where the Egg is?,"مي‏دوني ""تخم"" کجاست؟"
68:21,68:22,Yes.,.بله
68:23,68:24,- Yes? - Yes.,بله؟ - .بله -
68:25,68:27,Look inside. Look inside.,""".داخل رو نگاه کن"" "".داخل رو نگاه کن"""
68:30,68:32,"We were trained to think of bodies as unimportant, right?",بهمون ياد دادن جسم‏ها رو بي‏اهميت بدونيم، درسته؟
68:33,68:35,- Right. - Just shells meant to be discarded.,.درسته - .فقط پوسته‏هايي‏اند که بايد دور ريخت -
68:36,68:38,"Well, Treadway knew the one place",خب، تريدوي مي‏دونست که تنها جاييه .که هيچ‏کس نگاهش نمي‏کنه
68:38,68:40,that nobody would look.,خب، تريدوي مي‏دونست که تنها جاييه .که هيچ‏کس نگاهش نمي‏کنه
68:55,68:58,"Abel? Abel, listen to me.",ايبل؟ .ايبل، به من گوش کن
68:58,69:00,"If I fail, look inside.",.اگه موفق نشدم، داخل رو نگاه کن
69:00,69:02,It's in his body.,.داخل بدنشه
69:03,69:04,Back at the Hub.,.توي کانون
69:07,69:09,It's been there the whole time. Come on.,.تمام وقت اونجا بوده .بيايد
69:11,69:13,I am shocked that that worked.,.يکه خوردم که کار کرد
69:19,69:23,I knew it was you the whole time. That's why I let you win.,.تمام وقت مي‏دونستم تويي .براي همين اجازه دادم پيروز بشي
69:23,69:24,"Oh, you let me, huh?",اوه، اجازه داد، ها؟
69:24,69:25,"Whoo! I don't know about you guys,",،هوووو! شما رفقا رو نمي‏دونم
69:25,69:27,but I could use a drink.,.ولي من بايد مشروب بزنم
69:27,69:29,"Come on, we don't have time for...",،بي‏خيال ...ما وقتِ نداريم کـ
69:30,69:32,Security lockdown!,!قرنطينه‏ي امنيتي
69:36,69:37,I'm hit.,.تير خوردم
69:37,69:39,You all right?,روبه‏راهي؟
69:44,69:45,Hey!,!هي
69:45,69:46,Follow me.,.دنبالم بيايد
69:47,69:49,Come on. We gotta go.,.زودباشيد. بايد بريم
69:49,69:51,Open emergency lift.,.آسانسور اضطراري رو باز کن
69:54,69:55,- We gotta go. We gotta go. - Wait!,.بايد بريم. بايد بريم - !صبر کن -
69:56,69:57,Are you crazy? They're about to breach!,ديوونه شدي؟ !الانه که نفوذ کنن
69:57,70:00,"We're not running, all right? I'm tired of running.",فرار نمي‏کنيم، خب؟ .از فرار کردن خسته شدم
70:00,70:03,"- I'm gonna fight 'em right now. - Hang in there, Trace.",.همين الان باهاشون مي‏جنگم - .تحمل کن، تريس -
70:09,70:10,She's dead.,.اون مُرده
70:10,70:11,"Oh, sh...",...اوه، گنـ
70:11,70:14,"Guys, we need to leave now.",.بچه‏ها، بايد الان از اينجا بريم
70:21,70:23,- I'm staying. - What?,.من مي‏مونم - چي؟ -
70:23,70:25,"We stay here, we fight 'em now.",،اينجا مي‏مونيم .الان باهاشون مي‏جنگيم
70:30,70:32,- You're leaking like the Titanic. - I'm fine.,.تو که مثل کشتي تايتانيک نشتي داري - .حالم خوبه -
70:33,70:35,"If you die here, who stops Bathurst?",،اگه اينجا بميري پس کي جلوي باتورست رو بگيره؟
70:36,70:37,He's right.,.درست ميگه
70:38,70:39,Hey.,.هي
70:39,70:43,"You make this worth it, dziecko.",.کاري کن ارزشِش رو داشته باشه، بچه [به زبان لهستاني]
70:44,70:46,Then buy me some time.,.پس يه کم وقت‏کشي کن
70:47,70:48,Open weapons room door.,.دَرِ اتاق اسلحه رو باز کن
70:51,70:52,Good luck.,.موفق باشي
72:05,72:07,"Careful, sir.",.مراقب باش، قربان
72:08,72:10,"Oh, I will be.",.اوه، حتماً
73:16,73:18,We're taking Treadway's body to Scotland.,.جسدِ تريدوي رو به اسکاتلند مي‏بريم
73:18,73:20,Very well.,.خيلي خب
73:21,73:23,Keep him alive.,.زنده نگهش دار
73:23,73:27,"I'll do the best I can, but he's lost a lot of blood.",،من تمام تلاشم رو مي‏کنم .اما کلي خون از دست داده
73:28,73:30,The keys are in the car.,.سوييچ‏ها توي ماشينه
73:53,73:55,Heinrich.,.هاينريش
73:55,73:57,Good of you to join us.,.خوبه که به ما پيوستي
74:00,74:03,I only wish you were here to see this...,اي کاش اينجا بودي و ،اين وضع رو مي‏ديدي
74:04,74:06,to understand your...,...نقشت رو
74:07,74:10,your role in this.,.نقشت رو در اين ماجرا مي‏دونستي
74:16,74:18,The end of all our debates.,.پايانِ همه‏ي مجادله‏هامون
74:45,74:48,The end of all things.,.پايانِ همه چيز
74:52,74:55,Have it cleaned and tested.,پاکش کن .و امتحانش کن
74:55,74:57,Make sure it's the real thing.,.مطمئن شو اصليشه
74:57,74:59,Is it really over?,واقعاً ديگه تمامه؟
74:59,75:01,Not quite yet.,.هنوز کاملاً نه
75:01,75:04,Never underestimate Treadway.,.هيچ‏وقت تريدوي رو دست‏کم نگير
75:31,75:34,Ah. You're awake.,.اه. بيدار شدي
75:34,75:35,Where am I?,من کجام؟
75:36,75:39,I told Nora I'd wait with you until you woke up.,.به نورا گفتم تا بيدار مي‏شي پيشت مي‏مونم
75:39,75:42,You're in my safe house.,.توي خانه‏ي امنِ مني
75:42,75:46,- What are you doing? - I'm doing your morphine!,داري چي‏کار مي‏کني؟ - !دارم مورفينت رو آماده مي‏کنم -
75:47,75:48,Where is she?,اون کجاست؟
75:48,75:50,"Huh? Oh, she went after Bathurst.",هان؟ .رفت دنبال باتورست
75:51,75:52,"Oh, shit.",.اوه، گندش بزنن
75:53,75:56,She's not doing this alone. No way.,.تنهايي از پسش بر نمياد .امکان نداره
75:56,75:59,"Whoa, whoa! Come on, man.",!هي، هي .بي‏خيال، مرد
75:59,76:03,"You try running out now, you'll bleed out before you reach the compound.",الان بدويي بيرون، به محوطه‏يِ .اردوگاه نرسيده از خون‏ريزي مي‏ميري
76:03,76:07,"If we're going down, we're going down together.",،اگه قراره شکست بخوريم .باهم شکست مي‏خوريم
76:07,76:09,"Hey, hey. Hey, hey.",.هي، هي. هي، هي
76:09,76:12,"I just patched you up, man.",.تازه بخيه‏ت زدم، مرد
76:12,76:15,Let me catch you up on the current situation.,اجازه بده توي جريانِ .وضعيت فعلي قرارت بدم
76:15,76:17,"If Bathurst gets his way, we're all done.",،اگه باتورست به خواسته‏ش برسه .فاتحه‏ي همه‏مون خونده‏ست
76:17,76:19,There's no more second chances.,.شانس ديگه‏اي در کار نيست
76:19,76:22,I'm gonna get the Egg and kill him.,".تخم"" رو به دست ميارم و مي‏کُشمش"""
76:22,76:24,She told me you were one of us.,.نورا گفت از مايي
76:24,76:27,"Obviously, you're just full of shit.",.معلومه که قابل اعتماد نيستي
76:28,76:32,Diagnostics are done. The bomb is ready for the Egg.,".تشخيص‏ها تموم شد .بمب براي ""تخم"" آماده‏ست"
76:32,76:34,Have them load it on the plane.,.بگو بار هواپيماش کنن
76:42,76:44,"Come here, you bastard.",.بيا اين‏جا ببينم، حرومي
76:44,76:47,Do you think He'll...,...به نظرت اجازه‏ي
76:48,76:50,let us do this?,اين کار رو بهمون ميده؟...
76:52,76:53,No?,نه؟
76:59,77:01,The end of all things.,.پايانِ همه چيز
77:08,77:10,Go.,.برو
78:32,78:35,"- Move, move, move! - On the rig! Let's go!",!حرکت کنيد، حرکت کنيد، حرکت کنيد !سوار خودرو بشيد! بريم
79:10,79:11,"Move, move!",!حرکت کنيد، حرکت کنيد
80:37,80:41,"Dropping in three, two, one.",.رهاسازي تا سه، دو، يک
80:56,80:58,- Do you need a ride? - Love one.,مي‏خواي برسونمت؟ - .چه جورشم -
80:59,81:02,- You okay? - No. Don't ask.,خوبي؟ - .نه. نپرس -
81:12,81:16,Did you see that?,حرکت رو داشتي؟
82:18,82:20,"Nora, you okay?",نورا، خوبي؟
82:20,82:22,"Okay, come on.",.خيلي خب، بيا
82:22,82:23,I got you.,.دارمت
82:28,82:30,I'll get you out of here. Come on.,.ميارمت بيرون .زودباش
82:36,82:37,You all right?,روبه‏راهي؟
82:37,82:39,"Oh, shit.",.واي، لعنتي
82:39,82:41,Hey. We gotta get you out of here.,.هي. بايد از اينجا ببريمت
82:48,82:51,"- You gonna be okay to move? - Yeah, I'll be fine.",مي‏توني حرکت کني؟ - .آره، چيزيم نمي‏شه -
82:51,82:53,Okay. Come on.,.خيلي خب. زودباش
83:32,83:35,- You gotta go. - Bathurst is getting away.,.بايد بري - .باتورست داره فرار مي‏کنه -
83:35,83:38,His hard drives are here. I have to destroy them and free them all.,.هارد ديسک‏هاش اين‏جاست .بايد از بين ببرم‏شون و همه رو آزاد کنم
83:39,83:40,I'll see you again.,.دوباره مي‏بينمت
85:23,85:26,"We'll be landing in Glasgow in 16 minutes, sir.",تا 16 دقيقه ديگه توي گلاسگو .فرود مي‏آيم، قربان
85:27,85:29,Stay low.,.ارتفاع نگير
85:31,85:32,Use TFR.,.از اداره هوانوردي فدرال استفاده کن
85:36,85:37,"Oh, my God.",.اوه، خداي من
85:40,85:42,Come on. Come on.,.بيا. بيا
85:48,85:50,They're all here.,.همه‏شون اينجاست
85:50,85:51,All the souls.,.همه‏ي ارواح
85:52,85:55,We have to free them all.,.بايد همه رو آزاد کنيم
85:55,85:57,Whoa!,!هي
85:57,85:59,"Nora. Nora, hey. Hey.",.نورا. نورا، هي. هي
85:59,86:02,"Stay with me, okay? We are so close.",با من بمون، خب؟ .خيلي نزديک شديم
86:03,86:05,"Let's blow some shit up, huh?",بيا يه سري چيزها رو منفجر کنيم، ها؟
86:27,86:29,Shit!,!لعنتي
86:29,86:30,"We've lost engine three, sir.",.موتور 3 رو از دست داديم، قربان
86:38,86:40,We're gonna have to land the aircraft.,.مجبوريم هواپيما رو فرود بياريم
86:48,86:50,What the hell are you doing? Sir!,!داري چي‏کار مي‏کني؟ قربان
86:58,87:00,Please! You're gonna crash the aircraft. Sir!,خواهش مي‏کنم! الان هواپيما رو !ساقط مي‏کني. قربان
88:06,88:09,It's impossible.,.اين غيرممکنه
88:10,88:12,I-Impossible.,.غيرممکنه
88:23,88:25,"He's opened the bloody top hatch, sir.",.دريچه‏ي بالايي رو باز کرد، قربان
89:17,89:19,You disappoint me.,.نااميدم کردي
89:20,89:23,"No recognition whatsoever, huh?",اصلاً به جا نمياري، ها؟
89:23,89:25,I think I should feel hurt.,.به نظرم بايد ناراحت بشم
89:27,89:30,"Car crash? Steel plate, remember?",تصادف خودرو؟ صفحه‏ي پولادي، يادته؟
91:48,91:51,"Treadway, you can't deactivate it!",!تريدوي، نمي‏توني غيرفعالش کني
91:52,91:54,It's happening!,!داره مي‏شه
92:36,92:38,No!,!نه
93:11,93:14,Death isn't the end. Not for us.,.مرگ، پايان کار نيست .براي ما نيست
93:14,93:16,Maybe not for any of us.,.شايد براي هيچ‏کدوم‏مون نباشه
93:16,93:19,"New chapter, same story.",.فصل جديد، همون داستان
93:21,93:22,I can carry you out.,.مي‏تونم کولت بگيرم
93:23,93:24,No way.,.اصلاً
93:24,93:26,I'll free them.,.آزادشون مي‏کنم
93:27,93:28,Here.,.بيا
93:31,93:33,- I'll see you around. - Yeah.,.مي‏بينمت - .آره -
93:46,93:49,I'll find you in the Beginning.,".توي ""آغاز"" پيدات مي‏کنم"
93:49,93:50,I love you.,.دوستت دارم
94:09,94:10,I ask myself...,:از خودم مي‏پرسم
94:11,94:14,what did being Evan McCauley teach me?,ايوان مک‏کالي به من چي ياد مي‏داد؟
94:20,94:23,"If each new life is a chance to build on what was,",اگه هر زندگي جديد، فرصتي براي ،ساختِ زندگي پيشينه
94:23,94:26,a chance to press forward to the best of what could be...,فرصتي براي پيش‏روي ،به بهترين شکل ممکن باشه
94:28,94:30,"Go, go, go!",!بريد، بريد، بريد
94:30,94:33,...why will some of us have to pick up the sword and fight again...,چرا برخي از ما بايد شمشير برداره ...و دوباره بجنگه
94:46,94:49,...while others discover a new beginning?,درحالي که ديگران آغاز جديدي رو کشف مي‏کنن؟
95:03,95:04,Nora?,نورا؟
95:12,95:15,It's hope. That's what I learned.,.اميده .اين چيزيه که ياد گرفتم
95:15,95:18,"Yes, we fall. Yes, we fail.",.بله، زمين مي‏خوريم .بله، شکست مي‏خوريم
95:19,95:21,"Yes, sometimes we screw up everything we touch.",بله، گاهي به هر چيزي که دست مي‏زنيم .خراب مي‏کنيم
95:21,95:24,But each moment we live is connected by a belief,اما هر لحظه‏اي که زندگي مي‏کنيم ،با يک اعتقاد به هم پيوند دارن
95:24,95:29,"that the actions we take will next day, next week, next life",اين‏که هر کاري که مي‏کنيم ...در روز بعد، هفته‏ي بعد، زندگي بعدي
95:30,95:31,"add up to something more,",،منجر به چيز ديگه‏اي مي‏شه
95:31,95:34,something bigger than yourself.,.به يه چيزِ بزرگ‏تر از خودتون
95:50,95:54,"And next... well, the possibilities are...",،و بعدش... خب ...احتمالات
95:55,95:56,infinite.,.بي‏نهايت‏اند...
97:07,97:09,So...,...خب
97:09,97:14,"when your son starts asking questions about his past,",وقتي پسرت درباره‏ي گذشته‏ش شروع به ،پرسيدن سوال‏هايي کرد
97:14,97:15,give me a call.,[به زبان اندونزي]
97:23,97:26,- He says he's just a child. - Ehh...,.ميگه اون فقط يه بچه‏ست
97:26,97:28,What about your sword?,شمشيرت چي؟
97:29,97:31,Oh that's not my sword. It's his.,.شمشير من نيست، مالِ اونه
97:37,97:40,"Artisan, what took you so long?",،آرتيسَن چرا اين‏قدر لفتش دادي؟
97:41,97:42,"See you soon, Treadway.",.به زودي مي‏بينمت، تريدوي
97:48,97:53,Provided by explosiveskull https://twitter.com/kaboomskull,meisamt72.blogspot.com
